speech,start_time,end_time,start_frame,end_frame,eps,get_frame,character
小祥,31230,32000,frame_000756.jpg,frame_000756.jpg,1,frame_000768.jpg,soyo
太好了 妳終於來了,32560,34250,frame_000792.jpg,frame_000816.jpg,1,frame_000804.jpg,muzimi
怎麼濕成這樣 妳沒事吧,34650,36610,frame_000840.jpg,frame_000876.jpg,1,frame_000864.jpg,nyamuchi
妳最近不來學校 發消息也不回,37070,39930,frame_000900.jpg,frame_000948.jpg,1,frame_000924.jpg,soyo
今天我來是有話要說,42130,43850,frame_001020.jpg,frame_001044.jpg,1,frame_001032.jpg,saki
我要退出CRYCHIC了,46680,49890,frame_001128.jpg,frame_001188.jpg,1,frame_001164.jpg,muzimi
等… 等一下,56210,57920,frame_001356.jpg,frame_001380.jpg,1,frame_001368.jpg,taki
要不先坐下,58340,59610,frame_001404.jpg,frame_001428.jpg,1,frame_001416.jpg,taki
為什麼 出什麼事了嗎,61670,63790,frame_001488.jpg,frame_001524.jpg,1,frame_001512.jpg,soyo
不能跟我們說嗎,64160,65630,frame_001548.jpg,frame_001572.jpg,1,frame_001560.jpg,muzimi
或者原因就在於我們嗎,66010,68160,frame_001584.jpg,frame_001632.jpg,1,frame_001620.jpg,muzimi
如果有不好的地方 可以改,69750,71770,frame_001680.jpg,frame_001716.jpg,1,frame_001704.jpg,unknown
是我自己的問題,72280,74010,frame_001740.jpg,frame_001764.jpg,1,frame_001764.jpg,saki
為什麼,75980,76980,frame_001824.jpg,frame_001836.jpg,1,frame_001836.jpg,soyo
之前的Live多開心呀,77420,79620,frame_001860.jpg,frame_001908.jpg,1,frame_001884.jpg,soyo
妳也說過下次還想辦吧,80050,82050,frame_001920.jpg,frame_001956.jpg,1,frame_001944.jpg,soyo
我沒說過,82050,83030,frame_001968.jpg,frame_001980.jpg,1,frame_001980.jpg,soyo
是嗎…,83300,86210,frame_002004.jpg,frame_002064.jpg,1,frame_002040.jpg,tomori
但是 提出要組建CRYCHIC的是妳,87390,90510,frame_002100.jpg,frame_002160.jpg,1,frame_002136.jpg,soyo
妳要是先退出…,90870,92350,frame_002184.jpg,frame_002208.jpg,1,frame_002208.jpg,soyo
妳真的要退出嗎,96280,98900,frame_002316.jpg,frame_002364.jpg,1,frame_002340.jpg,tomori
燈在問妳呢,100320,101960,frame_002412.jpg,frame_002436.jpg,1,frame_002436.jpg,taki
話說妳也太不負責任了吧,102210,103710,frame_002460.jpg,frame_002484.jpg,1,frame_002472.jpg,taki
為什麼不說話,105770,106850,frame_002544.jpg,frame_002556.jpg,1,frame_002556.jpg,soyo
立希 別說了,106850,107850,frame_002568.jpg,frame_002580.jpg,1,frame_002580.jpg,soyo
妳要退出能不能別給我們添麻煩,107850,109710,frame_002592.jpg,frame_002628.jpg,1,frame_002616.jpg,soyo
今天也是為了等妳…,109710,111220,frame_002640.jpg,frame_002664.jpg,1,frame_002652.jpg,soyo
立希,111220,112040,frame_002676.jpg,frame_002676.jpg,1,frame_002688.jpg,soyo
沒有我妳們也做到了吧,113890,116000,frame_002736.jpg,frame_002772.jpg,1,frame_002760.jpg,taki
想練習的話 自己練不就好了,116810,118970,frame_002808.jpg,frame_002844.jpg,1,frame_002832.jpg,saki
誰規定了非要人到齊才能練,119360,122180,frame_002868.jpg,frame_002928.jpg,1,frame_002904.jpg,saki
別把責任丟給別人,123000,124420,frame_002952.jpg,frame_002976.jpg,1,frame_002976.jpg,unknown
但是 小祥不在的話…,125030,127290,frame_003000.jpg,frame_003048.jpg,1,frame_003036.jpg,tomori
別說這種推卸責任的話,127570,129500,frame_003060.jpg,frame_003096.jpg,1,frame_003084.jpg,soyo
妳明明特別需要練習,129860,132220,frame_003120.jpg,frame_003168.jpg,1,frame_003144.jpg,soyo
可現在為止妳都做了什麼,132380,134070,frame_003180.jpg,frame_003204.jpg,1,frame_003204.jpg,taki
燈是在等妳啊,135860,137690,frame_003264.jpg,frame_003300.jpg,1,frame_003288.jpg,taki
等一下,138250,139100,frame_003324.jpg,frame_003324.jpg,1,frame_003336.jpg,soyo
好好溝通一下 好嗎,139320,141460,frame_003348.jpg,frame_003384.jpg,1,frame_003372.jpg,soyo
難得之前都挺開心的,141780,144070,frame_003408.jpg,frame_003444.jpg,1,frame_003432.jpg,soyo
小睦也這麼覺得吧,144260,146500,frame_003468.jpg,frame_003504.jpg,1,frame_003492.jpg,soyo
我…,149890,150830,frame_003600.jpg,frame_003612.jpg,1,frame_003612.jpg,tomori
從沒覺得組樂隊開心過,152430,157590,frame_003660.jpg,frame_003768.jpg,1,frame_003720.jpg,muzimi
Sorry,194990,195500,frame_004680.jpg,frame_004680.jpg,1,frame_004692.jpg,anon
抱歉,194990,195500,frame_004680.jpg,frame_004680.jpg,1,frame_004692.jpg,anon
回去吧,203440,204230,frame_004884.jpg,frame_004896.jpg,1,frame_004896.jpg,anon
妳初中的時候是學生會長啊,207260,210100,frame_004980.jpg,frame_005028.jpg,1,frame_005004.jpg,unknown
是的,210330,210870,frame_005052.jpg,frame_005052.jpg,1,frame_005052.jpg,anon
我在這邊的學校也會積極進取,211070,213570,frame_005064.jpg,frame_005112.jpg,1,frame_005100.jpg,anon
爭取度過充實的高中生活,213570,216740,frame_005124.jpg,frame_005196.jpg,1,frame_005160.jpg,anon
嗯 挺好,217060,218570,frame_005208.jpg,frame_005232.jpg,1,frame_005232.jpg,anon
謝謝妳 面試到此為止,218710,221890,frame_005244.jpg,frame_005316.jpg,1,frame_005292.jpg,anon
好的 感謝您,222060,224180,frame_005328.jpg,frame_005364.jpg,1,frame_005352.jpg,anon
感覺拿下了啊,227250,228880,frame_005460.jpg,frame_005484.jpg,1,frame_005472.jpg,rana
檔案成績也很好,229680,230970,frame_005508.jpg,frame_005532.jpg,1,frame_005532.jpg,anon
入學應該沒問題了,230970,232970,frame_005544.jpg,frame_005580.jpg,1,frame_005568.jpg,anon
我要在這裡從頭來過,234240,236030,frame_005628.jpg,frame_005652.jpg,1,frame_005640.jpg,anon
妳弄丟東西了嗎,248050,249280,frame_005952.jpg,frame_005976.jpg,1,frame_005964.jpg,anon
儘管已經快到黃金週了,263780,265850,frame_006336.jpg,frame_006372.jpg,1,frame_006360.jpg,unknown
今天我們迎來了一位新同學,265850,267830,frame_006384.jpg,frame_006420.jpg,1,frame_006408.jpg,unknown
我是千早愛音,268070,269140,frame_006432.jpg,frame_006444.jpg,1,frame_006444.jpg,anon
我因為家庭的原因 入學時間晚了些,269600,271980,frame_006468.jpg,frame_006516.jpg,1,frame_006492.jpg,anon
希望大家能多多關照我,271980,273850,frame_006528.jpg,frame_006564.jpg,1,frame_006552.jpg,anon
請多指教,273850,275000,frame_006576.jpg,frame_006588.jpg,1,frame_006588.jpg,anon
千早同學 請坐到最後面的空位,276570,279350,frame_006636.jpg,frame_006696.jpg,1,frame_006672.jpg,other
好的,279640,280030,frame_006708.jpg,frame_006708.jpg,1,frame_006720.jpg,other
請多關照,279810,283630,frame_006720.jpg,frame_006792.jpg,1,frame_006756.jpg,other
石頭,285180,285820,frame_006840.jpg,frame_006852.jpg,1,frame_006852.jpg,tomori
請多關照,288640,289560,frame_006924.jpg,frame_006936.jpg,1,frame_006936.jpg,tomori
那麼 開始班會吧,290020,292140,frame_006960.jpg,frame_006996.jpg,1,frame_006984.jpg,other
打招呼比較保守,293780,295880,frame_007044.jpg,frame_007092.jpg,1,frame_007080.jpg,anon
不過這樣也比較好融入班級吧,296070,298460,frame_007104.jpg,frame_007152.jpg,1,frame_007128.jpg,anon
然後是…,298820,300040,frame_007176.jpg,frame_007188.jpg,1,frame_007188.jpg,anon
千早同學,301360,302560,frame_007236.jpg,frame_007248.jpg,1,frame_007248.jpg,tomori
怎麼了,303430,304030,frame_007284.jpg,frame_007284.jpg,1,frame_007284.jpg,anon
我是高松燈 請多關照,305000,309000,frame_007320.jpg,frame_007404.jpg,1,frame_007368.jpg,tomori
糟了 午休時間,319640,321190,frame_007668.jpg,frame_007692.jpg,1,frame_007692.jpg,unknown
該先找誰交朋友呢,322210,325050,frame_007728.jpg,frame_007788.jpg,1,frame_007764.jpg,anon
太鬧騰了,326300,327920,frame_007824.jpg,frame_007860.jpg,1,frame_007848.jpg,tomori
太嚴肅了,329530,330690,frame_007908.jpg,frame_007920.jpg,1,frame_007920.jpg,other
小燈 妳又要去天文部嗎,331510,333570,frame_007956.jpg,frame_007992.jpg,1,frame_007980.jpg,other
再見啦,334470,335640,frame_008028.jpg,frame_008040.jpg,1,frame_008040.jpg,tomori
看起來比較好搭話,336210,337470,frame_008064.jpg,frame_008088.jpg,1,frame_008076.jpg,anon
請問 我可以一起吃嗎,342470,345530,frame_008220.jpg,frame_008280.jpg,1,frame_008256.jpg,other
好啊好啊,345530,346850,frame_008292.jpg,frame_008316.jpg,1,frame_008304.jpg,anon
謝謝,346850,347700,frame_008328.jpg,frame_008328.jpg,1,frame_008328.jpg,anon
千早這個姓像是名字一樣 好可愛,348140,351180,frame_008352.jpg,frame_008412.jpg,1,frame_008388.jpg,other
可愛嗎,351180,352070,frame_008424.jpg,frame_008436.jpg,1,frame_008436.jpg,other
挺可愛的,352070,353170,frame_008448.jpg,frame_008460.jpg,1,frame_008460.jpg,other
妳之前學校的同學都怎麼稱呼妳,353170,355460,frame_008472.jpg,frame_008520.jpg,1,frame_008496.jpg,other
千早好厲害,357390,358650,frame_008580.jpg,frame_008592.jpg,1,frame_008592.jpg,other
千早又是滿分啊,358650,359640,frame_008604.jpg,frame_008616.jpg,1,frame_008616.jpg,other
千早,359640,360260,frame_008628.jpg,frame_008628.jpg,1,frame_008640.jpg,other
千早真聰明啊,360260,362040,frame_008640.jpg,frame_008676.jpg,1,frame_008664.jpg,other
不愧是千早,362270,363740,frame_008688.jpg,frame_008712.jpg,1,frame_008712.jpg,anon
沒有這回事啦,364290,365710,frame_008736.jpg,frame_008760.jpg,1,frame_008760.jpg,anon
叫我愛音就行,368160,369230,frame_008832.jpg,frame_008844.jpg,1,frame_008844.jpg,other
那就愛音,369230,370330,frame_008856.jpg,frame_008868.jpg,1,frame_008868.jpg,other
叫愛音也可愛,370330,371920,frame_008880.jpg,frame_008916.jpg,1,frame_008904.jpg,other
妳說入學晚是因為家裡的原因,372180,375090,frame_008928.jpg,frame_008988.jpg,1,frame_008964.jpg,other
肯定挺不容易吧,375090,376140,frame_009000.jpg,frame_009012.jpg,1,frame_009012.jpg,other
是啊 是挺難的,376600,378370,frame_009036.jpg,frame_009060.jpg,1,frame_009060.jpg,anon
妳看班裡的圈子都形成了,378370,380500,frame_009072.jpg,frame_009120.jpg,1,frame_009108.jpg,anon
是啊,380500,381940,frame_009132.jpg,frame_009156.jpg,1,frame_009144.jpg,anon
妳和小燈原來就認識嗎,381940,384170,frame_009168.jpg,frame_009204.jpg,1,frame_009192.jpg,anon
我也覺得,384480,385190,frame_009228.jpg,frame_009228.jpg,1,frame_009228.jpg,anon
妳早上和她說話了吧,386010,387600,frame_009264.jpg,frame_009288.jpg,1,frame_009276.jpg,other
沒有沒有,387600,388750,frame_009300.jpg,frame_009312.jpg,1,frame_009312.jpg,other
是我之前碰到過她在撿… 石頭？,388750,391800,frame_009324.jpg,frame_009384.jpg,1,frame_009360.jpg,other
她確實偶爾會去撿東西,392780,394770,frame_009420.jpg,frame_009456.jpg,1,frame_009444.jpg,anon
不愧是羽丘的小天然呆,394770,396570,frame_009468.jpg,frame_009504.jpg,1,frame_009492.jpg,anon
像小動物一樣,396570,398250,frame_009516.jpg,frame_009540.jpg,1,frame_009540.jpg,anon
我的話題這就結束了嗎,398960,400930,frame_009576.jpg,frame_009612.jpg,1,frame_009600.jpg,anon
好可愛,402650,403880,frame_009660.jpg,frame_009672.jpg,1,frame_009672.jpg,anon
一起回家吧,415950,416990,frame_009984.jpg,frame_009996.jpg,1,frame_009996.jpg,anon
走吧,418750,419640,frame_010044.jpg,frame_010056.jpg,1,frame_010056.jpg,other
妳們在玩樂隊嗎,419970,421140,frame_010080.jpg,frame_010092.jpg,1,frame_010092.jpg,anon
不過才剛開始不久,422000,424130,frame_010128.jpg,frame_010164.jpg,1,frame_010152.jpg,other
是啊,424130,425410,frame_010176.jpg,frame_010188.jpg,1,frame_010188.jpg,other
怎麼感覺大家都在玩樂隊,427070,429270,frame_010248.jpg,frame_010284.jpg,1,frame_010272.jpg,anon
我們學校是挺多的,429530,431280,frame_010308.jpg,frame_010332.jpg,1,frame_010320.jpg,anon
因為我校前輩有很厲害的樂隊,431280,433280,frame_010344.jpg,frame_010380.jpg,1,frame_010368.jpg,anon
高三有個叫Afterglow的樂隊,433280,436010,frame_010392.jpg,frame_010452.jpg,1,frame_010428.jpg,other
學生會長也是成員之一,436170,438030,frame_010464.jpg,frame_010500.jpg,1,frame_010488.jpg,other
PasPale雖然畢業了,439320,441260,frame_010536.jpg,frame_010572.jpg,1,frame_010560.jpg,other
高二還有Roselia的亞子學姐和RAS的Lock學姐,441260,445250,frame_010584.jpg,frame_010668.jpg,1,frame_010632.jpg,other
大家真的都在搞樂隊啊,445500,447800,frame_010692.jpg,frame_010728.jpg,1,frame_010716.jpg,other
我好想快點辦帥氣的Live啊,447800,450800,frame_010740.jpg,frame_010800.jpg,1,frame_010776.jpg,tomori
燈 拜拜,448390,449640,frame_010752.jpg,frame_010776.jpg,1,frame_010776.jpg,other
那妳得先把結他彈好,451260,453860,frame_010824.jpg,frame_010872.jpg,1,frame_010860.jpg,tomori
彈唱太難了啦,453860,456420,frame_010884.jpg,frame_010932.jpg,1,frame_010920.jpg,tomori
小燈應該沒有樂隊,456640,459030,frame_010956.jpg,frame_011004.jpg,1,frame_010980.jpg,anon
愛音妳呢,459030,460100,frame_011016.jpg,frame_011028.jpg,1,frame_011028.jpg,anon
嗯 稍微會一點,460920,462960,frame_011052.jpg,frame_011088.jpg,1,frame_011076.jpg,anon
真的嗎,462960,463970,frame_011100.jpg,frame_011124.jpg,1,frame_011112.jpg,anon
妳用過什麼樂器,463970,465240,frame_011136.jpg,frame_011148.jpg,1,frame_011148.jpg,anon
算是結他主唱吧,465600,468070,frame_011172.jpg,frame_011220.jpg,1,frame_011196.jpg,anon
我也是我也是,468740,470130,frame_011244.jpg,frame_011268.jpg,1,frame_011256.jpg,other
要不要一起,470130,471640,frame_011280.jpg,frame_011304.jpg,1,frame_011292.jpg,anon
我們想唱Afterglow的歌,473170,475460,frame_011352.jpg,frame_011388.jpg,1,frame_011376.jpg,anon
不過還缺一個結他,475460,477240,frame_011400.jpg,frame_011436.jpg,1,frame_011424.jpg,other
結他？,477960,478750,frame_011460.jpg,frame_011472.jpg,1,frame_011472.jpg,anon
也就是說…,479570,480790,frame_011508.jpg,frame_011520.jpg,1,frame_011520.jpg,ueka
要在角落啊,482270,483870,frame_011568.jpg,frame_011592.jpg,1,frame_011592.jpg,nyamuchi
謝謝妳,485460,486320,frame_011640.jpg,frame_011652.jpg,1,frame_011652.jpg,anon
我考慮一下,486530,487840,frame_011676.jpg,frame_011688.jpg,1,frame_011688.jpg,anon
我回來了,489250,490510,frame_011736.jpg,frame_011760.jpg,1,frame_011748.jpg,unknown
好累,501440,503010,frame_012024.jpg,frame_012060.jpg,1,frame_012048.jpg,anon
笑得臉都僵了,503250,505390,frame_012072.jpg,frame_012108.jpg,1,frame_012096.jpg,anon
不過 朋友也交到了,505980,507780,frame_012132.jpg,frame_012168.jpg,1,frame_012156.jpg,anon
第一天來說還不錯,507780,509640,frame_012180.jpg,frame_012216.jpg,1,frame_012204.jpg,anon
還好我帶著結他,528100,530000,frame_012672.jpg,frame_012696.jpg,1,frame_012696.jpg,anon
畢竟大家都在玩樂隊,530850,532700,frame_012732.jpg,frame_012768.jpg,1,frame_012756.jpg,anon
我也得參與,532700,534150,frame_012780.jpg,frame_012804.jpg,1,frame_012792.jpg,anon
怎麼回事,543000,543960,frame_013020.jpg,frame_013032.jpg,1,frame_013032.jpg,anon
抱歉,545290,545960,frame_013080.jpg,frame_013080.jpg,1,frame_013092.jpg,other
雖然我有參加樂隊的意思,546620,548160,frame_013116.jpg,frame_013140.jpg,1,frame_013128.jpg,anon
但我確實還不太熟悉Afterglow,548320,551490,frame_013152.jpg,frame_013212.jpg,1,frame_013188.jpg,anon
不用在意這個啦,552530,553850,frame_013248.jpg,frame_013272.jpg,1,frame_013272.jpg,other
是啊,553850,554470,frame_013284.jpg,frame_013284.jpg,1,frame_013296.jpg,other
沒有 確實感謝妳們的邀請,554470,557710,frame_013296.jpg,frame_013368.jpg,1,frame_013344.jpg,anon
足球部,558000,564500,frame_013380.jpg,frame_013524.jpg,1,frame_013464.jpg,unknown
田徑部,558000,564500,frame_013380.jpg,frame_013524.jpg,1,frame_013464.jpg,unknown
還是結他主唱比較好,558850,561080,frame_013404.jpg,frame_013452.jpg,1,frame_013428.jpg,unknown
需要的成員還有…,561580,564050,frame_013476.jpg,frame_013512.jpg,1,frame_013500.jpg,unknown
怎麼沒有輕音部,564730,566300,frame_013548.jpg,frame_013572.jpg,1,frame_013560.jpg,anon
要不去吹奏樂部看看,567920,570010,frame_013620.jpg,frame_013656.jpg,1,frame_013644.jpg,anon
註：德彪西《亞麻色頭髮的少女》。,594030,599450,frame_014244.jpg,frame_014364.jpg,1,frame_014316.jpg,unknown
妳彈得真好啊,621480,622640,frame_014904.jpg,frame_014928.jpg,1,frame_014916.jpg,anon
吹奏楽部の方,622640,624350,frame_014940.jpg,frame_014964.jpg,1,frame_014952.jpg,muzimi
妳是吹奏樂部的人嗎,622640,624350,frame_014940.jpg,frame_014964.jpg,1,frame_014952.jpg,muzimi
不是 我只是進來聽聽,624960,627510,frame_014988.jpg,frame_015036.jpg,1,frame_015024.jpg,anon
請問 可以和我組樂隊嗎,627960,630140,frame_015060.jpg,frame_015108.jpg,1,frame_015084.jpg,anon
抱歉有點突然,632640,633590,frame_015180.jpg,frame_015180.jpg,1,frame_015180.jpg,anon
那個 我是高一A班的千早,634060,637150,frame_015204.jpg,frame_015276.jpg,1,frame_015240.jpg,anon
千早同學？,637400,638610,frame_015288.jpg,frame_015300.jpg,1,frame_015300.jpg,muzimi
可以叫我愛音,639110,640180,frame_015324.jpg,frame_015348.jpg,1,frame_015336.jpg,muzimi
我正在尋找樂隊成員,640180,642210,frame_015360.jpg,frame_015396.jpg,1,frame_015384.jpg,muzimi
我是結他主唱,642210,643850,frame_015408.jpg,frame_015432.jpg,1,frame_015420.jpg,saki
鍵盤手的話…,643850,644850,frame_015444.jpg,frame_015456.jpg,1,frame_015456.jpg,saki
不了,644850,645310,frame_015468.jpg,frame_015468.jpg,1,frame_015468.jpg,saki
妳已經有樂隊了嗎,645890,646920,frame_015492.jpg,frame_015504.jpg,1,frame_015504.jpg,saki
沒有,649560,650200,frame_015576.jpg,frame_015588.jpg,1,frame_015588.jpg,unknown
吹奏樂部的活動馬上要開始了,655780,658540,frame_015732.jpg,frame_015780.jpg,1,frame_015756.jpg,saki
妳也離開這裡為宜,658540,660540,frame_015792.jpg,frame_015828.jpg,1,frame_015816.jpg,saki
為宜？,665960,667340,frame_015972.jpg,frame_015996.jpg,1,frame_015984.jpg,anon
不行啊,668820,670350,frame_016044.jpg,frame_016068.jpg,1,frame_016056.jpg,anon
怎麼辦呢,672230,673150,frame_016128.jpg,frame_016128.jpg,1,frame_016140.jpg,ueka
去Live House的公告板,674410,675940,frame_016176.jpg,frame_016200.jpg,1,frame_016188.jpg,other
看看有沒有人招樂隊成員如何,675940,678120,frame_016212.jpg,frame_016248.jpg,1,frame_016236.jpg,other
附近有個叫CiRCLE的,678600,680480,frame_016272.jpg,frame_016308.jpg,1,frame_016296.jpg,other
最近還在池袋開了二號分店,680730,683230,frame_016332.jpg,frame_016380.jpg,1,frame_016356.jpg,tomori
叫做RiNG,683440,685010,frame_016392.jpg,frame_016416.jpg,1,frame_016416.jpg,anon
那就去看看吧,685820,687420,frame_016452.jpg,frame_016476.jpg,1,frame_016464.jpg,anon
我倒是沒想那麼認真搞樂隊,688550,692000,frame_016512.jpg,frame_016584.jpg,1,frame_016560.jpg,anon
小燈應該沒有樂隊,696250,698560,frame_016704.jpg,frame_016740.jpg,1,frame_016728.jpg,other
先問問她吧,700650,701970,frame_016800.jpg,frame_016824.jpg,1,frame_016824.jpg,anon
咦 到哪去了,705460,707090,frame_016920.jpg,frame_016944.jpg,1,frame_016944.jpg,other
找到了,714020,714930,frame_017124.jpg,frame_017136.jpg,1,frame_017136.jpg,anon
那個…,715250,716590,frame_017160.jpg,frame_017172.jpg,1,frame_017172.jpg,anon
高松同學…,716590,717680,frame_017184.jpg,frame_017196.jpg,1,frame_017196.jpg,anon
好疼,720200,721620,frame_017268.jpg,frame_017292.jpg,1,frame_017292.jpg,anon
摔到了嗎,721960,722670,frame_017316.jpg,frame_017316.jpg,1,frame_017328.jpg,tomori
大丈夫大丈夫,723790,725080,frame_017364.jpg,frame_017376.jpg,1,frame_017376.jpg,anon
沒事沒事,723790,725080,frame_017364.jpg,frame_017376.jpg,1,frame_017376.jpg,anon
疼疼,726800,728160,frame_017436.jpg,frame_017448.jpg,1,frame_017448.jpg,tomori
創可貼…,728160,729310,frame_017460.jpg,frame_017484.jpg,1,frame_017472.jpg,tomori
等下,731420,732210,frame_017544.jpg,frame_017544.jpg,1,frame_017556.jpg,tomori
垃圾,733150,734390,frame_017580.jpg,frame_017604.jpg,1,frame_017604.jpg,anon
喂 高松同學,736820,739550,frame_017676.jpg,frame_017724.jpg,1,frame_017700.jpg,anon
在嗎 垃圾我幫妳扔掉了,740690,743940,frame_017760.jpg,frame_017832.jpg,1,frame_017808.jpg,other
高松同學,749190,750370,frame_017964.jpg,frame_017988.jpg,1,frame_017988.jpg,tomori
妳想要哪個,752610,753420,frame_018048.jpg,frame_018060.jpg,1,frame_018060.jpg,tomori
好多,755000,755740,frame_018108.jpg,frame_018108.jpg,1,frame_018120.jpg,tomori
全是創可貼嗎,756170,757740,frame_018132.jpg,frame_018156.jpg,1,frame_018156.jpg,unknown
我可以用嗎,758670,759710,frame_018192.jpg,frame_018204.jpg,1,frame_018204.jpg,tomori
不好意思了,761790,762420,frame_018276.jpg,frame_018276.jpg,1,frame_018276.jpg,anon
企鵝我喜歡,763560,764590,frame_018312.jpg,frame_018324.jpg,1,frame_018324.jpg,anon
這是紋頰企鵝,764590,765610,frame_018336.jpg,frame_018348.jpg,1,frame_018348.jpg,anon
紋？,765810,766420,frame_018372.jpg,frame_018372.jpg,1,frame_018372.jpg,tomori
妳看 像鬍子一樣的花紋,766710,768060,frame_018384.jpg,frame_018408.jpg,1,frame_018408.jpg,tomori
牠是阿德利企鵝屬,768290,769610,frame_018432.jpg,frame_018444.jpg,1,frame_018444.jpg,tomori
白眉企鵝也是這個屬,769610,771390,frame_018456.jpg,frame_018492.jpg,1,frame_018480.jpg,tomori
這個是阿德利企鵝,772130,773600,frame_018516.jpg,frame_018540.jpg,1,frame_018540.jpg,tomori
企鵝系列還有別的,773880,775540,frame_018564.jpg,frame_018588.jpg,1,frame_018576.jpg,tomori
稍等一下,775820,777250,frame_018612.jpg,frame_018624.jpg,1,frame_018624.jpg,tomori
高松同學也喜歡企鵝嗎,778570,780380,frame_018672.jpg,frame_018708.jpg,1,frame_018696.jpg,anon
倒是覺得… 挺可愛的,782520,786380,frame_018768.jpg,frame_018852.jpg,1,frame_018816.jpg,tomori
為什麼沒自信,786750,788220,frame_018864.jpg,frame_018888.jpg,1,frame_018888.jpg,tomori
我只是在收集,788220,790130,frame_018900.jpg,frame_018936.jpg,1,frame_018924.jpg,tomori
我可能只是喜歡找到的感覺,790640,794670,frame_018960.jpg,frame_019044.jpg,1,frame_019008.jpg,tomori
不過也正常,795560,796550,frame_019080.jpg,frame_019092.jpg,1,frame_019092.jpg,tomori
看到可愛的筆之類的 我也會衝動消費,796820,798820,frame_019116.jpg,frame_019152.jpg,1,frame_019140.jpg,tomori
真的嗎,799260,799820,frame_019164.jpg,frame_019176.jpg,1,frame_019176.jpg,tomori
南非企鵝 長眉企鵝,800800,802850,frame_019212.jpg,frame_019248.jpg,1,frame_019236.jpg,tomori
還有國王企鵝,803370,804550,frame_019272.jpg,frame_019284.jpg,1,frame_019284.jpg,tomori
等下等下 我不用這麼多,804750,806660,frame_019296.jpg,frame_019332.jpg,1,frame_019320.jpg,tomori
好吧 那我就收下了,810460,812180,frame_019440.jpg,frame_019464.jpg,1,frame_019452.jpg,tomori
這是…,819040,820180,frame_019644.jpg,frame_019656.jpg,1,frame_019656.jpg,nyamuchi
好像是上一任的部長喜歡的,820540,822850,frame_019680.jpg,frame_019728.jpg,1,frame_019704.jpg,anon
12月12日 發現一片灰塵,826390,829840,frame_019824.jpg,frame_019896.jpg,1,frame_019860.jpg,tomori
它的形狀就像是蟹狀星雲,830520,833220,frame_019920.jpg,frame_019968.jpg,1,frame_019956.jpg,tomori
那是上上上屆的前輩,834270,837000,frame_020004.jpg,frame_020064.jpg,1,frame_020040.jpg,anon
上一任部長在最後,837280,839310,frame_020076.jpg,frame_020112.jpg,1,frame_020100.jpg,anon
和大家一起看星星嚕嚕嚕！\N\N今天的星星格外閃亮\N\N沒事幹打掃活動室的時候\N發現了歷代天文部成員的有趣物品\N\N\N在活動室角落發現了仙女座星系！\N\N雲好多，星星都被遮住了\N\N但願明天是個晴天\N\N\N今天的月亮好大,840320,845070,frame_020148.jpg,frame_020256.jpg,1,frame_020208.jpg,unknown
今天看星星了！\N\N星空特別嚕！\N\N\N居然面臨廢部危機?!\N\N\N今天把天文望遠鏡擦乾淨了\N\N\N歡迎來到天文部！\N\N這間活動室藏著好多謎團和驚喜，找找看吧。\N\N就算成員只剩我也沒關係！\N\N只要跟學生會好好匯報活動成績就好。\N那麼從今往後就靠你了，未來的天文部員！,840320,845070,frame_020148.jpg,frame_020256.jpg,1,frame_020208.jpg,unknown
今天看星星了,840960,843040,frame_020172.jpg,frame_020208.jpg,1,frame_020196.jpg,unknown
星空特別嚕,843040,845070,frame_020220.jpg,frame_020256.jpg,1,frame_020244.jpg,unknown
嚕？,845400,845940,frame_020280.jpg,frame_020280.jpg,1,frame_020280.jpg,anon
會是什麼樣的星星呢,846650,848310,frame_020304.jpg,frame_020328.jpg,1,frame_020328.jpg,anon
天文部經常會有不可思議的,851310,853910,frame_020412.jpg,frame_020472.jpg,1,frame_020448.jpg,anon
或者說是有個性的成員啊,853910,856460,frame_020484.jpg,frame_020532.jpg,1,frame_020508.jpg,anon
妳要加入嗎,856460,857250,frame_020544.jpg,frame_020544.jpg,1,frame_020544.jpg,tomori
天文部就我一個人,858390,860730,frame_020592.jpg,frame_020628.jpg,1,frame_020616.jpg,tomori
雖然只要好好寫活動報告,861100,862780,frame_020652.jpg,frame_020676.jpg,1,frame_020676.jpg,tomori
也不至於廢部,862780,864350,frame_020688.jpg,frame_020712.jpg,1,frame_020712.jpg,tomori
如果妳願意加入 我會很開心,864600,866210,frame_020736.jpg,frame_020760.jpg,1,frame_020760.jpg,tomori
嗯 我考慮一下,867730,869350,frame_020808.jpg,frame_020832.jpg,1,frame_020832.jpg,anon
又消沉起來了,871980,873990,frame_020916.jpg,frame_020952.jpg,1,frame_020940.jpg,anon
我不太喜歡這種氣氛啊,875970,878520,frame_021012.jpg,frame_021060.jpg,1,frame_021036.jpg,tomori
不過…,878890,879600,frame_021084.jpg,frame_021084.jpg,1,frame_021084.jpg,unknown
這個筆記本,882850,883880,frame_021168.jpg,frame_021180.jpg,1,frame_021180.jpg,tomori
好懷念,884460,885820,frame_021216.jpg,frame_021228.jpg,1,frame_021228.jpg,anon
我小學的時候也用過,886060,888250,frame_021252.jpg,frame_021288.jpg,1,frame_021276.jpg,anon
這是…,889640,890390,frame_021336.jpg,frame_021348.jpg,1,frame_021348.jpg,unknown
妳也有樂隊啊,891000,892360,frame_021372.jpg,frame_021384.jpg,1,frame_021384.jpg,anon
麻衣她們還說妳沒有參加樂隊,893030,896720,frame_021420.jpg,frame_021492.jpg,1,frame_021456.jpg,anon
春日影 是我沒聽過的歌,897180,899320,frame_021516.jpg,frame_021552.jpg,1,frame_021540.jpg,anon
凍僵的心 顫抖的目光\N全世界只有我孤單一人,900380,902620,frame_021588.jpg,frame_021636.jpg,1,frame_021624.jpg,unknown
我已經沒有樂隊了,904960,907660,frame_021708.jpg,frame_021756.jpg,1,frame_021732.jpg,tomori
真的嗎,907660,908260,frame_021768.jpg,frame_021768.jpg,1,frame_021780.jpg,anon
那要和我組嗎,908550,909800,frame_021792.jpg,frame_021804.jpg,1,frame_021804.jpg,anon
我要做結他主唱,910130,912000,frame_021828.jpg,frame_021864.jpg,1,frame_021852.jpg,anon
剩下的位置妳隨便挑,912000,913780,frame_021876.jpg,frame_021900.jpg,1,frame_021888.jpg,anon
要是能抓到班上的吉祥物,914080,916070,frame_021924.jpg,frame_021960.jpg,1,frame_021948.jpg,anon
肯定能吸引人,916070,917550,frame_021972.jpg,frame_021996.jpg,1,frame_021984.jpg,anon
我不了,919890,920730,frame_022056.jpg,frame_022068.jpg,1,frame_022068.jpg,tomori
是嗎,923030,923960,frame_022140.jpg,frame_022152.jpg,1,frame_022152.jpg,anon
那算了吧,924550,925480,frame_022176.jpg,frame_022188.jpg,1,frame_022188.jpg,anon
就算組樂隊…,927980,930260,frame_022260.jpg,frame_022296.jpg,1,frame_022284.jpg,unknown
也會再次失敗,933530,936040,frame_022392.jpg,frame_022440.jpg,1,frame_022416.jpg,tomori
真是的,940770,941670,frame_022560.jpg,frame_022572.jpg,1,frame_022572.jpg,anon
小燈 去玩吧,941890,943670,frame_022584.jpg,frame_022620.jpg,1,frame_022608.jpg,anon
這時候就該去卡拉OK,944790,946380,frame_022656.jpg,frame_022680.jpg,1,frame_022680.jpg,unknown
走吧,946380,947070,frame_022692.jpg,frame_022704.jpg,1,frame_022704.jpg,unknown
羽丘的小不可思議,948340,953020,frame_022740.jpg,frame_022848.jpg,1,frame_022800.jpg,anon
本字幕由喵萌Production製作  僅供交流試看之用  請勿用於商業用途\N翻譯：Ronny　後期：MIR　繁化&特效：錯黨,948340,953020,frame_022740.jpg,frame_022848.jpg,1,frame_022800.jpg,anon
貴安,956450,957740,frame_022932.jpg,frame_022956.jpg,1,frame_022956.jpg,other
明天見,958170,960050,frame_022980.jpg,frame_023016.jpg,1,frame_023004.jpg,other
小睦,967950,968760,frame_023208.jpg,frame_023220.jpg,1,frame_023220.jpg,soyo
不好意思 社團活動之前有事想找妳,969730,972730,frame_023256.jpg,frame_023316.jpg,1,frame_023292.jpg,muzimi
坐下吧,973480,974340,frame_023352.jpg,frame_023352.jpg,1,frame_023352.jpg,muzimi
小祥聯繫妳了嗎,977440,979320,frame_023436.jpg,frame_023472.jpg,1,frame_023460.jpg,soyo
這樣啊,981460,982510,frame_023532.jpg,frame_023556.jpg,1,frame_023544.jpg,soyo
我還以為一起長大的妳,983100,986620,frame_023580.jpg,frame_023652.jpg,1,frame_023616.jpg,soyo
應該能讓她回消息,986620,988670,frame_023664.jpg,frame_023700.jpg,1,frame_023688.jpg,soyo
小祥現在會在哪裡呢,994720,997140,frame_023856.jpg,frame_023904.jpg,1,frame_023880.jpg,soyo
不知道她過得好不好,998020,1000070,frame_023940.jpg,frame_023976.jpg,1,frame_023964.jpg,soyo
那天 小祥提出退出樂隊的時候,1006740,1010790,frame_024144.jpg,frame_024228.jpg,1,frame_024192.jpg,soyo
我要是再多追問一下就好了,1011460,1015280,frame_024252.jpg,frame_024336.jpg,1,frame_024300.jpg,soyo
抱歉 小睦,1019930,1021130,frame_024456.jpg,frame_024480.jpg,1,frame_024468.jpg,soyo
不是妳的錯,1021650,1023230,frame_024504.jpg,frame_024528.jpg,1,frame_024516.jpg,muzimi
社團活動之後 我打算去找立希,1025080,1028000,frame_024588.jpg,frame_024636.jpg,1,frame_024624.jpg,soyo
妳要一起去嗎,1028230,1029890,frame_024660.jpg,frame_024684.jpg,1,frame_024684.jpg,soyo
今天要練芭蕾舞,1030760,1032080,frame_024720.jpg,frame_024744.jpg,1,frame_024732.jpg,soyo
這樣啊 妳要練舞,1032440,1034430,frame_024756.jpg,frame_024792.jpg,1,frame_024780.jpg,soyo
沒事 還能回到以前的,1036140,1039550,frame_024852.jpg,frame_024924.jpg,1,frame_024888.jpg,muzimi
就交給我吧,1041410,1042750,frame_024972.jpg,frame_024996.jpg,1,frame_024996.jpg,soyo
立希,1050660,1051640,frame_025200.jpg,frame_025212.jpg,1,frame_025212.jpg,unknown
妳做咖啡越來越熟練了嘛,1052780,1055240,frame_025248.jpg,frame_025296.jpg,1,frame_025272.jpg,taki
還好,1055400,1055890,frame_025308.jpg,frame_025308.jpg,1,frame_025320.jpg,taki
掌握這麼快 真是幫大忙了,1056340,1058670,frame_025332.jpg,frame_025380.jpg,1,frame_025356.jpg,other
下次要不要試試服務員,1058840,1060500,frame_025392.jpg,frame_025416.jpg,1,frame_025416.jpg,other
我不太擅長和人接觸,1060710,1062350,frame_025440.jpg,frame_025464.jpg,1,frame_025452.jpg,other
妳這不是在和我接觸嗎,1063140,1064880,frame_025500.jpg,frame_025524.jpg,1,frame_025512.jpg,other
等下,1065710,1066540,frame_025560.jpg,frame_025560.jpg,1,frame_025572.jpg,taki
真是的 下次妳可得幫忙啊,1067090,1069430,frame_025596.jpg,frame_025632.jpg,1,frame_025620.jpg,taki
凜凜子姐,1069430,1071720,frame_025644.jpg,frame_025692.jpg,1,frame_025668.jpg,taki
我先失陪一下,1072380,1073750,frame_025716.jpg,frame_025740.jpg,1,frame_025728.jpg,taki
香澄 妳沒事吧,1073970,1076100,frame_025752.jpg,frame_025800.jpg,1,frame_025776.jpg,taki
我不行了,1076100,1078590,frame_025812.jpg,frame_025860.jpg,1,frame_025836.jpg,taki
卡拉OK館,1079020,1082020,frame_025872.jpg,frame_025932.jpg,1,frame_025908.jpg,other
我們兩個人,1080380,1081640,frame_025908.jpg,frame_025932.jpg,1,frame_025920.jpg,other
可以用優惠券嗎,1082790,1084010,frame_025968.jpg,frame_025980.jpg,1,frame_025980.jpg,anon
可以,1084250,1084790,frame_026004.jpg,frame_026004.jpg,1,frame_026004.jpg,anon
我看看…,1084790,1086260,frame_026016.jpg,frame_026040.jpg,1,frame_026028.jpg,anon
妳怎麼了,1089160,1090020,frame_026124.jpg,frame_026124.jpg,1,frame_026124.jpg,tomori
沒事,1090410,1090990,frame_026148.jpg,frame_026148.jpg,1,frame_026160.jpg,tomori
難不成妳是第一次來卡拉OK,1091210,1093500,frame_026172.jpg,frame_026208.jpg,1,frame_026196.jpg,tomori
不是,1093840,1094520,frame_026232.jpg,frame_026232.jpg,1,frame_026244.jpg,tomori
以前來過,1096030,1097460,frame_026280.jpg,frame_026304.jpg,1,frame_026304.jpg,tomori
sumimi歌える,1098710,1099890,frame_026352.jpg,frame_026364.jpg,1,frame_026364.jpg,unknown
會唱sumimi的歌嗎,1098710,1099890,frame_026352.jpg,frame_026364.jpg,1,frame_026364.jpg,unknown
我來唱初華,1100510,1101760,frame_026388.jpg,frame_026412.jpg,1,frame_026412.jpg,anon
妳來唱真奈吧,1101760,1103100,frame_026424.jpg,frame_026436.jpg,1,frame_026436.jpg,anon
sumimi知らない？,1105460,1106670,frame_026508.jpg,frame_026532.jpg,1,frame_026520.jpg,anon
妳不認識sumimi？,1105460,1106670,frame_026508.jpg,frame_026532.jpg,1,frame_026520.jpg,anon
大家好,1106670,1107460,frame_026544.jpg,frame_026544.jpg,1,frame_026544.jpg,anon
sumimiです,1107660,1108600,frame_026568.jpg,frame_026568.jpg,1,frame_026580.jpg,anon
我們是sumimi,1107660,1108600,frame_026568.jpg,frame_026568.jpg,1,frame_026580.jpg,anon
就是她們,1109100,1109670,frame_026592.jpg,frame_026604.jpg,1,frame_026604.jpg,anon
大家過得好嗎,1109960,1111210,frame_026616.jpg,frame_026640.jpg,1,frame_026628.jpg,ueka
真奈很好哦,1111210,1112750,frame_026652.jpg,frame_026676.jpg,1,frame_026664.jpg,ueka
希望sumimi的歌能讓大家更有精神,1113860,1116920,frame_026712.jpg,frame_026772.jpg,1,frame_026748.jpg,ueka
嗯 大家要唱哦,1116920,1119670,frame_026784.jpg,frame_026844.jpg,1,frame_026820.jpg,ueka
可愛吧,1120390,1121890,frame_026868.jpg,frame_026892.jpg,1,frame_026892.jpg,anon
妳還是點喜歡的歌吧,1125170,1126670,frame_026988.jpg,frame_027012.jpg,1,frame_027000.jpg,anon
我不唱,1127070,1127950,frame_027024.jpg,frame_027036.jpg,1,frame_027036.jpg,anon
我唱得不好,1128610,1130420,frame_027060.jpg,frame_027096.jpg,1,frame_027084.jpg,anon
唱得不好也沒關係,1130750,1132570,frame_027120.jpg,frame_027144.jpg,1,frame_027144.jpg,anon
難得一起來唱歌,1132570,1134100,frame_027156.jpg,frame_027180.jpg,1,frame_027180.jpg,anon
就我一個人唱不太好吧,1134100,1135770,frame_027192.jpg,frame_027228.jpg,1,frame_027216.jpg,anon
剛才那首叫什麼來著,1139270,1140860,frame_027324.jpg,frame_027348.jpg,1,frame_027336.jpg,anon
春日影…,1141490,1143120,frame_027372.jpg,frame_027396.jpg,1,frame_027396.jpg,anon
沒有,1144700,1145920,frame_027456.jpg,frame_027468.jpg,1,frame_027468.jpg,anon
那是我們大家一起寫的歌,1145920,1148230,frame_027480.jpg,frame_027528.jpg,1,frame_027504.jpg,tomori
妳說會再次失敗 怎麼回事,1149600,1151590,frame_027564.jpg,frame_027600.jpg,1,frame_027588.jpg,tomori
剛才的話題,1152690,1153890,frame_027648.jpg,frame_027660.jpg,1,frame_027660.jpg,anon
妳說就算組樂隊 也會再次失敗,1154210,1156300,frame_027684.jpg,frame_027720.jpg,1,frame_027708.jpg,anon
為什麼,1156300,1156870,frame_027732.jpg,frame_027732.jpg,1,frame_027732.jpg,anon
之前的樂隊鬧矛盾了嗎,1157390,1159620,frame_027756.jpg,frame_027792.jpg,1,frame_027780.jpg,anon
會不會是這樣,1160920,1161800,frame_027840.jpg,frame_027852.jpg,1,frame_027852.jpg,anon
對音樂的追求不同,1162100,1163510,frame_027864.jpg,frame_027888.jpg,1,frame_027888.jpg,anon
我覺得不是,1164320,1166010,frame_027924.jpg,frame_027948.jpg,1,frame_027936.jpg,anon
猜錯了啊,1166010,1167550,frame_027960.jpg,frame_027984.jpg,1,frame_027984.jpg,anon
可能是我的問題,1170280,1172740,frame_028068.jpg,frame_028116.jpg,1,frame_028092.jpg,unknown
是嗎 那可真難過啊,1173960,1176950,frame_028152.jpg,frame_028212.jpg,1,frame_028188.jpg,anon
不過 為了下次不失敗而努力不就好了,1180000,1183890,frame_028296.jpg,frame_028380.jpg,1,frame_028344.jpg,taki
就算失敗一次 也要有重來的信心,1185890,1189180,frame_028440.jpg,frame_028500.jpg,1,frame_028476.jpg,anon
不然人生這麼長 怎麼過得下去,1191130,1193390,frame_028560.jpg,frame_028608.jpg,1,frame_028596.jpg,anon
下次說不定會碰到奇蹟 找到特別好的隊友,1194200,1197880,frame_028644.jpg,frame_028716.jpg,1,frame_028680.jpg,anon
倒不是說我自己,1199340,1201370,frame_028764.jpg,frame_028800.jpg,1,frame_028788.jpg,anon
不過我希望妳可以玩樂隊,1201750,1204380,frame_028824.jpg,frame_028872.jpg,1,frame_028848.jpg,tomori
那…,1207700,1208520,frame_028956.jpg,frame_028968.jpg,1,frame_028968.jpg,tomori
能一輩子陪我組樂隊嗎,1211130,1214510,frame_029040.jpg,frame_029112.jpg,1,frame_029088.jpg,tomori
一生？,1221640,1222480,frame_029292.jpg,frame_029304.jpg,1,frame_029304.jpg,anon
一輩子？,1221640,1222480,frame_029292.jpg,frame_029304.jpg,1,frame_029304.jpg,anon
小燈,1227530,1228280,frame_029436.jpg,frame_029448.jpg,1,frame_029448.jpg,unknown
小燈 等下,1234670,1236380,frame_029604.jpg,frame_029640.jpg,1,frame_029628.jpg,unknown
對不起 我不該笑的,1241060,1243390,frame_029760.jpg,frame_029808.jpg,1,frame_029784.jpg,tomori
沒事 是我先說了奇怪的話,1245100,1248670,frame_029856.jpg,frame_029928.jpg,1,frame_029904.jpg,tomori
謝謝妳邀請我組樂隊,1250840,1254070,frame_030000.jpg,frame_030060.jpg,1,frame_030036.jpg,tomori
但是 對不起,1255000,1257280,frame_030096.jpg,frame_030144.jpg,1,frame_030120.jpg,tomori
小燈,1258070,1258990,frame_030168.jpg,frame_030180.jpg,1,frame_030180.jpg,anon
燈　大丈夫,1265710,1267070,frame_030348.jpg,frame_030372.jpg,1,frame_030372.jpg,taki
燈 妳沒事吧,1265710,1267070,frame_030348.jpg,frame_030372.jpg,1,frame_030372.jpg,taki
妳誰,1267550,1268000,frame_030396.jpg,frame_030396.jpg,1,frame_030396.jpg,taki
有什麼事,1268670,1269440,frame_030420.jpg,frame_030432.jpg,1,frame_030432.jpg,taki
妳問我 妳是她的熟人嗎,1269770,1272580,frame_030456.jpg,frame_030504.jpg,1,frame_030480.jpg,tomori
是我在問妳呢,1272580,1274240,frame_030516.jpg,frame_030540.jpg,1,frame_030540.jpg,tomori
等下,1278210,1278960,frame_030648.jpg,frame_030660.jpg,1,frame_030660.jpg,taki
妳這人 幹什麼,1283190,1284750,frame_030768.jpg,frame_030792.jpg,1,frame_030792.jpg,soyo
我是她朋友,1285010,1286760,frame_030816.jpg,frame_030840.jpg,1,frame_030840.jpg,anon
友達？,1286760,1287820,frame_030852.jpg,frame_030876.jpg,1,frame_030864.jpg,taki
朋友？,1286760,1287820,frame_030852.jpg,frame_030876.jpg,1,frame_030864.jpg,taki
是朋友 妳有意見嗎,1287820,1290460,frame_030888.jpg,frame_030936.jpg,1,frame_030912.jpg,anon
妳剛才在追她吧,1290460,1292590,frame_030948.jpg,frame_030984.jpg,1,frame_030972.jpg,taki
是因為她跑了我才追上來,1292590,1294450,frame_030996.jpg,frame_031032.jpg,1,frame_031020.jpg,anon
我只是邀請她組樂隊,1294650,1296640,frame_031044.jpg,frame_031080.jpg,1,frame_031068.jpg,anon
妳這人 邀請她組樂隊了嗎,1298900,1301900,frame_031152.jpg,frame_031212.jpg,1,frame_031188.jpg,taki
是又怎麼樣,1303270,1304570,frame_031248.jpg,frame_031272.jpg,1,frame_031272.jpg,anon
我說 妳一口一個「妳這人」…,1304570,1307250,frame_031284.jpg,frame_031332.jpg,1,frame_031320.jpg,anon
最悪,1307250,1308400,frame_031344.jpg,frame_031368.jpg,1,frame_031368.jpg,taki
太過份了,1307250,1308400,frame_031344.jpg,frame_031368.jpg,1,frame_031368.jpg,taki
不會再邀請了,1421100,1430030,frame_034080.jpg,frame_034284.jpg,1,frame_034188.jpg,anon
妳這人 邀請燈組樂隊了嗎,6360,9600,frame_000156.jpg,frame_000228.jpg,2,frame_000192.jpg,taki
是又怎麼樣,10900,12190,frame_000264.jpg,frame_000288.jpg,2,frame_000288.jpg,anon
我說 妳一口一個「妳這人」…,12190,14940,frame_000300.jpg,frame_000348.jpg,2,frame_000336.jpg,other
最悪,16570,17780,frame_000408.jpg,frame_000420.jpg,2,frame_000420.jpg,taki
太過份了,16570,17780,frame_000408.jpg,frame_000420.jpg,2,frame_000420.jpg,taki
是妳先找我麻煩的吧,18730,20640,frame_000456.jpg,frame_000492.jpg,2,frame_000480.jpg,anon
大丈夫？,26170,27140,frame_000636.jpg,frame_000648.jpg,2,frame_000648.jpg,anon
沒事吧？,26170,27140,frame_000636.jpg,frame_000648.jpg,2,frame_000648.jpg,anon
怎麼了,33810,34960,frame_000816.jpg,frame_000828.jpg,2,frame_000828.jpg,soyo
沒什麼,37140,38820,frame_000900.jpg,frame_000924.jpg,2,frame_000912.jpg,anon
即使雨過天晴,56650,59200,frame_001368.jpg,frame_001416.jpg,2,frame_001392.jpg,unknown
行走路上的我終不會忘記,59030,61540,frame_001416.jpg,frame_001464.jpg,2,frame_001452.jpg,tomori
是第一滴雨讓今天的我抬起了頭,61370,67500,frame_001476.jpg,frame_001608.jpg,2,frame_001548.jpg,taki
做出一把透明的傘 圈出只屬於我的空間,73920,78640,frame_001776.jpg,frame_001884.jpg,2,frame_001836.jpg,unknown
撐開躲藏起來,78420,80210,frame_001884.jpg,frame_001920.jpg,2,frame_001908.jpg,anon
在這小小世界 我默默逃避,80100,83050,frame_001932.jpg,frame_001980.jpg,2,frame_001956.jpg,unknown
在透明傘面之外,83260,85980,frame_002004.jpg,frame_002052.jpg,2,frame_002040.jpg,rana
雨點敲擊出婆娑的聲響,85760,88350,frame_002064.jpg,frame_002112.jpg,2,frame_002088.jpg,rana
如同迸發的暗號,88480,90100,frame_002124.jpg,frame_002160.jpg,2,frame_002148.jpg,taki
滋潤了我的內心,89940,92570,frame_002160.jpg,frame_002208.jpg,2,frame_002196.jpg,unknown
和這淚如雨下的天空一起前行,92770,97640,frame_002232.jpg,frame_002340.jpg,2,frame_002292.jpg,tomori
瀝青路逐漸沾濕 疾風驟雨降臨,97490,101900,frame_002340.jpg,frame_002436.jpg,2,frame_002400.jpg,taki
我不願空等時光流逝,102070,106320,frame_002448.jpg,frame_002544.jpg,2,frame_002508.jpg,tomori
而是想要一直凝視著,106610,111170,frame_002568.jpg,frame_002664.jpg,2,frame_002616.jpg,unknown
那無色卻真實存在之物,111210,113920,frame_002676.jpg,frame_002724.jpg,2,frame_002700.jpg,tomori
當這場雨悄然停歇,114210,117960,frame_002748.jpg,frame_002820.jpg,2,frame_002784.jpg,unknown
就彷彿未曾來過,117920,120340,frame_002832.jpg,frame_002880.jpg,2,frame_002868.jpg,anon
內心也像消失的傘之花,120430,124590,frame_002892.jpg,frame_002976.jpg,2,frame_002940.jpg,anon
不知該如何摺疊收起,124710,127550,frame_003000.jpg,frame_003048.jpg,2,frame_003036.jpg,taki
我只願將那些逝去的瞬間,127340,130650,frame_003060.jpg,frame_003132.jpg,2,frame_003096.jpg,unknown
如同雨滴般 收集珍藏起來,130480,136070,frame_003132.jpg,frame_003252.jpg,2,frame_003204.jpg,unknown
貴安,146870,148870,frame_003528.jpg,frame_003564.jpg,2,frame_003552.jpg,tomori
妳好像有點睏,149170,150780,frame_003588.jpg,frame_003612.jpg,2,frame_003600.jpg,unknown
不會再邀請了,149420,153380,frame_003588.jpg,frame_003672.jpg,2,frame_003636.jpg,unknown
本字幕由喵萌Production製作  僅供交流試看之用  請勿用於商業用途\N翻譯·時軸：Ronny　後期：MIR　繁化&特效：錯黨,149420,153380,frame_003588.jpg,frame_003672.jpg,2,frame_003636.jpg,unknown
昨天看書看到很晚,150780,152780,frame_003624.jpg,frame_003660.jpg,2,frame_003648.jpg,soyo
貴安,152780,155000,frame_003672.jpg,frame_003708.jpg,2,frame_003696.jpg,soyo
昨天我沒見到立希,156250,158570,frame_003756.jpg,frame_003792.jpg,2,frame_003780.jpg,soyo
小祥給妳回信了嗎,162460,164610,frame_003900.jpg,frame_003936.jpg,2,frame_003924.jpg,soyo
這樣啊,168420,169460,frame_004044.jpg,frame_004056.jpg,2,frame_004056.jpg,soyo
貴安,169460,171820,frame_004068.jpg,frame_004116.jpg,2,frame_004092.jpg,muzimi
要不去小祥家看看吧,173600,176170,frame_004164.jpg,frame_004212.jpg,2,frame_004200.jpg,soyo
妳知道她住在哪吧,176630,179030,frame_004236.jpg,frame_004284.jpg,2,frame_004272.jpg,soyo
如果能告訴我就好了,179520,181620,frame_004308.jpg,frame_004344.jpg,2,frame_004332.jpg,soyo
我再聯繫聯繫她,188010,190490,frame_004512.jpg,frame_004560.jpg,2,frame_004548.jpg,soyo
謝謝,191500,192530,frame_004596.jpg,frame_004608.jpg,2,frame_004608.jpg,soyo
好消沉,208640,209940,frame_005004.jpg,frame_005028.jpg,2,frame_005028.jpg,anon
又是企鵝,218390,219630,frame_005244.jpg,frame_005256.jpg,2,frame_005256.jpg,unknown
紋頰企鵝,222630,223890,frame_005340.jpg,frame_005364.jpg,2,frame_005364.jpg,tomori
好可愛,223890,225020,frame_005376.jpg,frame_005388.jpg,2,frame_005388.jpg,tomori
就是妳說的系列吧,225020,226960,frame_005400.jpg,frame_005436.jpg,2,frame_005424.jpg,tomori
給妳,229090,229850,frame_005496.jpg,frame_005508.jpg,2,frame_005508.jpg,anon
妳昨天給我的還沒用完,230420,232320,frame_005532.jpg,frame_005568.jpg,2,frame_005556.jpg,anon
愛音 早,235590,236920,frame_005652.jpg,frame_005676.jpg,2,frame_005676.jpg,other
小燈 早,237810,239250,frame_005712.jpg,frame_005736.jpg,2,frame_005724.jpg,other
那我收下吧 謝謝,242670,244670,frame_005820.jpg,frame_005856.jpg,2,frame_005844.jpg,anon
我就這麼覺得,252100,252960,frame_006048.jpg,frame_006060.jpg,2,frame_006060.jpg,tomori
確實,252960,254050,frame_006072.jpg,frame_006084.jpg,2,frame_006084.jpg,tomori
笑出來了吧,254050,255440,frame_006096.jpg,frame_006120.jpg,2,frame_006108.jpg,tomori
我懂,255440,256350,frame_006132.jpg,frame_006144.jpg,2,frame_006144.jpg,anon
小燈 拜拜,256350,258600,frame_006156.jpg,frame_006192.jpg,2,frame_006180.jpg,other
拜拜,259550,260530,frame_006228.jpg,frame_006240.jpg,2,frame_006240.jpg,tomori
說起來 妳去RiNG了嗎,262750,264690,frame_006300.jpg,frame_006336.jpg,2,frame_006324.jpg,anon
還沒呢,265210,266460,frame_006360.jpg,frame_006384.jpg,2,frame_006384.jpg,anon
我們今天要去錄音室訓練,266460,268800,frame_006396.jpg,frame_006444.jpg,2,frame_006420.jpg,anon
這樣啊,268800,269820,frame_006456.jpg,frame_006468.jpg,2,frame_006468.jpg,anon
一起去吧,269820,271080,frame_006480.jpg,frame_006492.jpg,2,frame_006492.jpg,anon
沒去過的地方 一個人不好進吧,271280,273860,frame_006516.jpg,frame_006564.jpg,2,frame_006540.jpg,anon
也是,274850,276100,frame_006600.jpg,frame_006612.jpg,2,frame_006612.jpg,other
不過…,276500,277210,frame_006636.jpg,frame_006636.jpg,2,frame_006648.jpg,unknown
昨天被找茬的地方,279420,282130,frame_006708.jpg,frame_006756.jpg,2,frame_006732.jpg,anon
招收鍵盤,282390,285270,frame_006780.jpg,frame_006828.jpg,2,frame_006816.jpg,unknown
招收貝斯、鍵盤,282390,285270,frame_006780.jpg,frame_006828.jpg,2,frame_006816.jpg,unknown
招收鼓手,282390,285270,frame_006780.jpg,frame_006828.jpg,2,frame_006816.jpg,unknown
招收成員,282390,285250,frame_006780.jpg,frame_006828.jpg,2,frame_006816.jpg,unknown
Folk Rock樂隊組建!!,282390,285250,frame_006780.jpg,frame_006828.jpg,2,frame_006816.jpg,unknown
招收結他手,282390,285250,frame_006780.jpg,frame_006828.jpg,2,frame_006816.jpg,unknown
我們就在裡面,283270,285250,frame_006792.jpg,frame_006828.jpg,2,frame_006816.jpg,unknown
有事就跟我們說,285250,287070,frame_006840.jpg,frame_006876.jpg,2,frame_006864.jpg,anon
謝謝 妳們加油,287070,289040,frame_006888.jpg,frame_006924.jpg,2,frame_006912.jpg,other
拜拜,289700,290680,frame_006948.jpg,frame_006960.jpg,2,frame_006960.jpg,other
沒有找結他主唱或者主唱的啊,296860,299420,frame_007128.jpg,frame_007176.jpg,2,frame_007152.jpg,anon
回家吧,299890,300870,frame_007200.jpg,frame_007212.jpg,2,frame_007212.jpg,umirin
妳好 昨天謝謝妳了,307660,310410,frame_007380.jpg,frame_007440.jpg,2,frame_007416.jpg,anon
謝謝妳關心我,311830,313490,frame_007488.jpg,frame_007512.jpg,2,frame_007500.jpg,soyo
是妳,314070,315210,frame_007536.jpg,frame_007548.jpg,2,frame_007548.jpg,soyo
剛碰到就被人劈頭蓋臉一頓罵 我正迷惑呢,315210,319050,frame_007560.jpg,frame_007644.jpg,2,frame_007608.jpg,soyo
這樣啊,319050,320410,frame_007656.jpg,frame_007680.jpg,2,frame_007668.jpg,soyo
不過 她應該沒有惡意,320410,322830,frame_007692.jpg,frame_007740.jpg,2,frame_007716.jpg,soyo
糟了 居然是熟人,323600,327050,frame_007764.jpg,frame_007836.jpg,2,frame_007800.jpg,anon
我好像說了妳朋友的壞話…,328660,332070,frame_007884.jpg,frame_007956.jpg,2,frame_007932.jpg,unknown
沒事的,332070,333350,frame_007968.jpg,frame_007992.jpg,2,frame_007980.jpg,unknown
突然被人用那種語氣說,333350,335140,frame_008004.jpg,frame_008028.jpg,2,frame_008016.jpg,unknown
感到驚訝也是自然的,335140,337280,frame_008040.jpg,frame_008076.jpg,2,frame_008064.jpg,unknown
嗯 確實是的,337280,338890,frame_008088.jpg,frame_008124.jpg,2,frame_008112.jpg,unknown
妳在找樂隊成員嗎,340600,342450,frame_008172.jpg,frame_008208.jpg,2,frame_008196.jpg,soyo
妳剛才在看公告板吧,343140,344930,frame_008232.jpg,frame_008268.jpg,2,frame_008256.jpg,anon
確實是的,345450,346920,frame_008292.jpg,frame_008316.jpg,2,frame_008304.jpg,anon
我第一次來這種地方,347720,349920,frame_008340.jpg,frame_008388.jpg,2,frame_008364.jpg,anon
還不太懂,349920,351850,frame_008400.jpg,frame_008424.jpg,2,frame_008424.jpg,anon
是嗎 其實我也不是很熟悉,352210,355590,frame_008448.jpg,frame_008520.jpg,2,frame_008496.jpg,soyo
要不一起去問問工作人員,355590,357810,frame_008532.jpg,frame_008568.jpg,2,frame_008556.jpg,soyo
那倒不至於,357810,358950,frame_008580.jpg,frame_008604.jpg,2,frame_008604.jpg,soyo
請問 妳是月之森的學生吧,362870,365880,frame_008712.jpg,frame_008772.jpg,2,frame_008748.jpg,anon
那所大小姐學校,365880,367650,frame_008784.jpg,frame_008808.jpg,2,frame_008796.jpg,anon
是的,368580,369270,frame_008844.jpg,frame_008844.jpg,2,frame_008856.jpg,anon
好厲害,369270,370330,frame_008856.jpg,frame_008868.jpg,2,frame_008868.jpg,anon
我聽說那裡只有政治家和藝人的孩子才能進去,370330,374260,frame_008880.jpg,frame_008964.jpg,2,frame_008928.jpg,anon
雖然是有家境很好的同學,375710,377780,frame_009012.jpg,frame_009048.jpg,2,frame_009036.jpg,soyo
但我是從初中部升上來的 就一般吧,377780,381120,frame_009060.jpg,frame_009132.jpg,2,frame_009108.jpg,soyo
還有 月之森的同學真的會用貴安打招呼嗎,381120,384690,frame_009144.jpg,frame_009216.jpg,2,frame_009192.jpg,soyo
會這麼說,386390,387690,frame_009276.jpg,frame_009288.jpg,2,frame_009288.jpg,soyo
真的啊,387690,389210,frame_009300.jpg,frame_009324.jpg,2,frame_009324.jpg,soyo
我一開始聽到的時候也很驚訝,389210,392170,frame_009336.jpg,frame_009396.jpg,2,frame_009372.jpg,soyo
但那些從幼兒園就入學的同學都這麼說,392170,394570,frame_009408.jpg,frame_009456.jpg,2,frame_009432.jpg,soyo
我也就漸漸模仿起來了,394570,397210,frame_009468.jpg,frame_009516.jpg,2,frame_009492.jpg,soyo
傳聞原來都是真的,397210,399720,frame_009528.jpg,frame_009576.jpg,2,frame_009564.jpg,unknown
那據說所有同學都有車接車送呢,400350,403340,frame_009600.jpg,frame_009660.jpg,2,frame_009636.jpg,unknown
基本沒人這樣吧,403340,406130,frame_009672.jpg,frame_009732.jpg,2,frame_009708.jpg,soyo
那倒也是,406130,407570,frame_009744.jpg,frame_009768.jpg,2,frame_009756.jpg,soyo
那…,407570,408570,frame_009780.jpg,frame_009792.jpg,2,frame_009792.jpg,soyo
學校的事說個不停呢,408920,411460,frame_009816.jpg,frame_009864.jpg,2,frame_009840.jpg,soyo
不好意思 我沒注意,412040,413990,frame_009888.jpg,frame_009924.jpg,2,frame_009912.jpg,anon
那我先…,414250,415140,frame_009936.jpg,frame_009948.jpg,2,frame_009948.jpg,anon
站在這裡也不太好,416570,418170,frame_009996.jpg,frame_010020.jpg,2,frame_010008.jpg,soyo
去喝杯茶吧,418170,419540,frame_010032.jpg,frame_010056.jpg,2,frame_010044.jpg,soyo
歡迎光臨,423980,425380,frame_010176.jpg,frame_010188.jpg,2,frame_010188.jpg,anon
妳好,425670,426610,frame_010212.jpg,frame_010224.jpg,2,frame_010224.jpg,soyo
要叫立希出來嗎,426610,427900,frame_010236.jpg,frame_010248.jpg,2,frame_010248.jpg,soyo
稍後吧 麻煩了,428380,429860,frame_010272.jpg,frame_010296.jpg,2,frame_010296.jpg,soyo
好的 隨便坐吧,429860,432340,frame_010308.jpg,frame_010356.jpg,2,frame_010344.jpg,anon
想好要點什麼了就叫我,438890,441370,frame_010524.jpg,frame_010572.jpg,2,frame_010560.jpg,soyo
謝謝妳,441370,442710,frame_010584.jpg,frame_010608.jpg,2,frame_010608.jpg,soyo
有推薦的嗎,444500,446160,frame_010668.jpg,frame_010692.jpg,2,frame_010680.jpg,anon
紅茶吧,446460,447670,frame_010716.jpg,frame_010728.jpg,2,frame_010728.jpg,anon
很好喝 我很喜歡,447670,449390,frame_010740.jpg,frame_010764.jpg,2,frame_010764.jpg,anon
菜單真不少啊,452220,454070,frame_010848.jpg,frame_010884.jpg,2,frame_010872.jpg,unknown
妳一直跟我用敬語說話,456340,458340,frame_010944.jpg,frame_010980.jpg,2,frame_010968.jpg,soyo
不過我們應該是同年級,458340,460140,frame_010992.jpg,frame_011028.jpg,2,frame_011016.jpg,soyo
妳是高一嗎,460600,461820,frame_011052.jpg,frame_011064.jpg,2,frame_011064.jpg,anon
嗯 我高一,461820,463540,frame_011076.jpg,frame_011112.jpg,2,frame_011100.jpg,soyo
我看妳挺沉穩的 以為是學姐呢,463540,466450,frame_011124.jpg,frame_011172.jpg,2,frame_011160.jpg,anon
又開始敬語了,466450,468030,frame_011184.jpg,frame_011220.jpg,2,frame_011208.jpg,soyo
能告訴我妳的名字嗎,469970,472060,frame_011280.jpg,frame_011316.jpg,2,frame_011304.jpg,anon
我叫愛音,472060,473740,frame_011328.jpg,frame_011352.jpg,2,frame_011340.jpg,anon
愛音啊 我是爽世,473740,476250,frame_011364.jpg,frame_011412.jpg,2,frame_011400.jpg,soyo
好厲害 名字也像大小姐一樣,476250,479530,frame_011424.jpg,frame_011496.jpg,2,frame_011460.jpg,unknown
爽世同學,479530,480400,frame_011508.jpg,frame_011508.jpg,2,frame_011508.jpg,unknown
有嗎,480400,481580,frame_011520.jpg,frame_011544.jpg,2,frame_011544.jpg,unknown
真的 很有深閨大小姐的感覺,481580,485300,frame_011556.jpg,frame_011628.jpg,2,frame_011592.jpg,unknown
想好點什麼了嗎,486250,487210,frame_011664.jpg,frame_011676.jpg,2,frame_011676.jpg,unknown
還沒 選什麼好呢,487740,489830,frame_011700.jpg,frame_011736.jpg,2,frame_011724.jpg,anon
樂奈 試彈對吧,487740,489830,frame_011700.jpg,frame_011736.jpg,2,frame_011724.jpg,anon
慢慢考慮吧,490080,491980,frame_011760.jpg,frame_011784.jpg,2,frame_011784.jpg,ueka
稍等啊,490410,491980,frame_011760.jpg,frame_011784.jpg,2,frame_011784.jpg,ueka
我看看…,493230,495250,frame_011832.jpg,frame_011868.jpg,2,frame_011856.jpg,soyo
想好了,496750,497890,frame_011916.jpg,frame_011928.jpg,2,frame_011928.jpg,soyo
不好意思,497890,499550,frame_011940.jpg,frame_011976.jpg,2,frame_011964.jpg,soyo
來了,499550,500890,frame_011988.jpg,frame_012000.jpg,2,frame_012000.jpg,soyo
立希 照顧一下大堂,501250,502940,frame_012024.jpg,frame_012048.jpg,2,frame_012048.jpg,soyo
那傢伙…,507190,507800,frame_012168.jpg,frame_012168.jpg,2,frame_012168.jpg,anon
樂奈 可以了,507800,509300,frame_012180.jpg,frame_012204.jpg,2,frame_012204.jpg,anon
麻煩點單,509300,510890,frame_012216.jpg,frame_012240.jpg,2,frame_012240.jpg,soyo
好的,510890,511460,frame_012252.jpg,frame_012252.jpg,2,frame_012264.jpg,anon
最不想見的人出現了,514070,517100,frame_012336.jpg,frame_012396.jpg,2,frame_012372.jpg,anon
我就老樣子吧,517460,518860,frame_012408.jpg,frame_012432.jpg,2,frame_012432.jpg,soyo
愛音呢,519320,520490,frame_012456.jpg,frame_012468.jpg,2,frame_012468.jpg,soyo
老樣子是什麼,520490,522070,frame_012480.jpg,frame_012516.jpg,2,frame_012504.jpg,anon
熱格雷伯爵茶,522070,523570,frame_012528.jpg,frame_012552.jpg,2,frame_012540.jpg,soyo
真好,523570,524600,frame_012564.jpg,frame_012576.jpg,2,frame_012576.jpg,soyo
那我一樣,524600,525570,frame_012588.jpg,frame_012600.jpg,2,frame_012600.jpg,soyo
她嘖我,525890,527310,frame_012612.jpg,frame_012636.jpg,2,frame_012636.jpg,soyo
很沒禮貌哦,527310,528090,frame_012648.jpg,frame_012660.jpg,2,frame_012660.jpg,soyo
格雷伯爵 兩杯熱,528090,529960,frame_012672.jpg,frame_012696.jpg,2,frame_012684.jpg,taki
不要那樣瞪人,532250,534150,frame_012768.jpg,frame_012804.jpg,2,frame_012792.jpg,soyo
妳正在找樂隊成員吧,535720,538500,frame_012852.jpg,frame_012900.jpg,2,frame_012888.jpg,anon
是的,538990,539770,frame_012924.jpg,frame_012936.jpg,2,frame_012936.jpg,anon
但是 我看了公告板,539770,542180,frame_012948.jpg,frame_012996.jpg,2,frame_012972.jpg,anon
完全沒有我想要的招人信息,542180,544290,frame_013008.jpg,frame_013044.jpg,2,frame_013032.jpg,soyo
這樣啊,544740,546040,frame_013068.jpg,frame_013080.jpg,2,frame_013080.jpg,soyo
社交網絡呢,546360,547800,frame_013104.jpg,frame_013128.jpg,2,frame_013128.jpg,soyo
有時候也有招人的,547800,549590,frame_013140.jpg,frame_013176.jpg,2,frame_013164.jpg,soyo
妳好懂,549590,551240,frame_013188.jpg,frame_013212.jpg,2,frame_013200.jpg,soyo
因為以前我也有過樂隊,555050,556870,frame_013308.jpg,frame_013344.jpg,2,frame_013332.jpg,tomori
月之森的學生搞樂隊 有點讓人驚訝,557820,560710,frame_013380.jpg,frame_013440.jpg,2,frame_013416.jpg,anon
有那麼稀奇嗎,560710,562960,frame_013452.jpg,frame_013488.jpg,2,frame_013476.jpg,anon
不要動那邊的設置,562070,563890,frame_013488.jpg,frame_013512.jpg,2,frame_013500.jpg,anon
我是被朋友邀請進去的,562960,565600,frame_013500.jpg,frame_013560.jpg,2,frame_013536.jpg,anon
等下啊 音量開太大了,564960,567370,frame_013548.jpg,frame_013596.jpg,2,frame_013584.jpg,anon
真好啊,565600,566780,frame_013572.jpg,frame_013584.jpg,2,frame_013584.jpg,unknown
我們學校大家都已經有樂隊了,566780,569370,frame_013596.jpg,frame_013644.jpg,2,frame_013632.jpg,unknown
樂奈 OK了哦,567920,570070,frame_013620.jpg,frame_013668.jpg,2,frame_013644.jpg,unknown
怪不得,569370,570390,frame_013656.jpg,frame_013668.jpg,2,frame_013668.jpg,unknown
是的,570390,571710,frame_013680.jpg,frame_013704.jpg,2,frame_013692.jpg,unknown
好吵,588000,588890,frame_014100.jpg,frame_014112.jpg,2,frame_014112.jpg,anon
所以我…,589490,590490,frame_014136.jpg,frame_014148.jpg,2,frame_014148.jpg,anon
我想當主唱和結他,591820,594450,frame_014196.jpg,frame_014244.jpg,2,frame_014232.jpg,anon
主唱結他是吧,595250,596400,frame_014280.jpg,frame_014292.jpg,2,frame_014292.jpg,soyo
是的,596400,597450,frame_014304.jpg,frame_014316.jpg,2,frame_014316.jpg,soyo
好厲害,621910,622960,frame_014916.jpg,frame_014928.jpg,2,frame_014928.jpg,anon
可以了嗎,628460,629600,frame_015072.jpg,frame_015084.jpg,2,frame_015084.jpg,unknown
滿足,629600,630510,frame_015096.jpg,frame_015108.jpg,2,frame_015108.jpg,unknown
她好厲害,645350,646710,frame_015480.jpg,frame_015504.jpg,2,frame_015492.jpg,soyo
最差的情況 把結他的位置讓出去也可以,647600,651920,frame_015528.jpg,frame_015624.jpg,2,frame_015588.jpg,anon
但我還是想當主唱,651920,654220,frame_015636.jpg,frame_015684.jpg,2,frame_015660.jpg,anon
謝謝妳 立希,655350,657090,frame_015720.jpg,frame_015744.jpg,2,frame_015744.jpg,anon
態度好差,660510,662160,frame_015840.jpg,frame_015864.jpg,2,frame_015864.jpg,soyo
妳們為什麼有矛盾呢,662160,663850,frame_015876.jpg,frame_015912.jpg,2,frame_015900.jpg,soyo
我也不懂,663850,665340,frame_015924.jpg,frame_015948.jpg,2,frame_015936.jpg,anon
我正跟朋友說話呢 她就衝過來,665340,667400,frame_015960.jpg,frame_015996.jpg,2,frame_015984.jpg,anon
「有什麼事」,667540,669010,frame_016008.jpg,frame_016032.jpg,2,frame_016032.jpg,unknown
「妳真是她朋友嗎」,669010,671150,frame_016044.jpg,frame_016080.jpg,2,frame_016068.jpg,soyo
「妳邀請燈組樂隊了嗎」之類的,671150,673600,frame_016092.jpg,frame_016140.jpg,2,frame_016128.jpg,anon
突然就對我發火 真是莫名其妙,673600,676510,frame_016152.jpg,frame_016212.jpg,2,frame_016188.jpg,soyo
妳說的燈 是高松燈嗎？,678420,680940,frame_016272.jpg,frame_016320.jpg,2,frame_016296.jpg,anon
是的 我們同班,682500,684410,frame_016368.jpg,frame_016404.jpg,2,frame_016392.jpg,anon
那個…,684820,685640,frame_016428.jpg,frame_016428.jpg,2,frame_016440.jpg,anon
妳認識她嗎,685920,687330,frame_016452.jpg,frame_016476.jpg,2,frame_016464.jpg,unknown
我是她朋友,690850,692150,frame_016572.jpg,frame_016584.jpg,2,frame_016584.jpg,soyo
這樣啊,694290,695170,frame_016656.jpg,frame_016656.jpg,2,frame_016668.jpg,unknown
她原來在羽丘,696600,698170,frame_016704.jpg,frame_016728.jpg,2,frame_016728.jpg,unknown
好甜,700530,701360,frame_016800.jpg,frame_016812.jpg,2,frame_016812.jpg,anon
妳們是怎麼認識的呢,702670,704560,frame_016848.jpg,frame_016884.jpg,2,frame_016872.jpg,nyamuchi
妳要和小燈一起組樂隊嗎,704560,706930,frame_016896.jpg,frame_016944.jpg,2,frame_016932.jpg,soyo
這個嘛 我被她拒絕了,707890,710450,frame_016980.jpg,frame_017028.jpg,2,frame_017004.jpg,anon
對了 妳說過妳也玩過樂隊吧,710820,713140,frame_017052.jpg,frame_017088.jpg,2,frame_017076.jpg,anon
我彈貝斯,713140,714320,frame_017100.jpg,frame_017124.jpg,2,frame_017124.jpg,soyo
小燈跟妳說什麼了嗎,714320,716280,frame_017136.jpg,frame_017172.jpg,2,frame_017160.jpg,soyo
這樣啊,719570,720320,frame_017256.jpg,frame_017268.jpg,2,frame_017268.jpg,soyo
妳的貝斯大概有什麼水平,723290,725460,frame_017352.jpg,frame_017388.jpg,2,frame_017376.jpg,unknown
一般吧 就社團活動彈彈,725460,727800,frame_017400.jpg,frame_017448.jpg,2,frame_017424.jpg,unknown
那…,727800,728280,frame_017460.jpg,frame_017460.jpg,2,frame_017460.jpg,anon
不過 確實有點太突然了吧,731000,733710,frame_017532.jpg,frame_017580.jpg,2,frame_017568.jpg,anon
爽世同學,738100,739030,frame_017700.jpg,frame_017712.jpg,2,frame_017712.jpg,anon
要一起組樂隊嗎,740320,741640,frame_017760.jpg,frame_017772.jpg,2,frame_017772.jpg,anon
好啊,741640,742710,frame_017784.jpg,frame_017796.jpg,2,frame_017796.jpg,soyo
真的嗎,743170,744230,frame_017820.jpg,frame_017832.jpg,2,frame_017832.jpg,anon
不過 我先從候補成員做起吧,744510,746780,frame_017856.jpg,frame_017904.jpg,2,frame_017880.jpg,anon
那也沒問題,746780,748050,frame_017916.jpg,frame_017928.jpg,2,frame_017928.jpg,anon
太好了,748280,749350,frame_017952.jpg,frame_017964.jpg,2,frame_017964.jpg,anon
爽世同學 Love,749350,750800,frame_017976.jpg,frame_018000.jpg,2,frame_017988.jpg,anon
那可以給我妳的聯繫方式嗎,751100,753930,frame_018012.jpg,frame_018072.jpg,2,frame_018048.jpg,anon
好啊,753930,754920,frame_018084.jpg,frame_018096.jpg,2,frame_018096.jpg,soyo
謝謝妳,754920,756400,frame_018108.jpg,frame_018132.jpg,2,frame_018120.jpg,soyo
這樣啊,761850,762790,frame_018276.jpg,frame_018288.jpg,2,frame_018288.jpg,unknown
她拒絕了啊,763610,765820,frame_018312.jpg,frame_018360.jpg,2,frame_018336.jpg,unknown
畢竟是個敏感的孩子,766670,768790,frame_018384.jpg,frame_018432.jpg,2,frame_018408.jpg,unknown
今後請多關照,778680,781950,frame_018672.jpg,frame_018744.jpg,2,frame_018720.jpg,anon
今天謝謝妳~候補成員也OK的，能一起組樂隊我很開心！,780970,782080,frame_018732.jpg,frame_018744.jpg,2,frame_018744.jpg,unknown
今後請多關照,782040,782080,frame_018756.jpg,frame_018744.jpg,2,frame_018756.jpg,unknown
今天謝謝妳~候補成員也OK的，能一起組樂隊我很開心！,782080,782140,frame_018756.jpg,frame_018744.jpg,2,frame_018756.jpg,unknown
今後請多關照,782080,782140,frame_018756.jpg,frame_018744.jpg,2,frame_018756.jpg,unknown
今天謝謝妳~候補成員也OK的，能一起組樂隊我很開心！,782140,782180,frame_018756.jpg,frame_018744.jpg,2,frame_018756.jpg,unknown
今後請多關照,782140,782180,frame_018756.jpg,frame_018744.jpg,2,frame_018756.jpg,unknown
今天謝謝妳~候補成員也OK的，能一起組樂隊我很開心！,782180,782220,frame_018756.jpg,frame_018744.jpg,2,frame_018756.jpg,unknown
今後請多關照,782180,782220,frame_018756.jpg,frame_018744.jpg,2,frame_018756.jpg,unknown
今天謝謝妳~候補成員也OK的，能一起組樂隊我很開心！,782220,782250,frame_018756.jpg,frame_018744.jpg,2,frame_018756.jpg,unknown
今後請多關照,782220,782250,frame_018756.jpg,frame_018744.jpg,2,frame_018756.jpg,unknown
今天謝謝妳~候補成員也OK的，能一起組樂隊我很開心！,782250,782290,frame_018756.jpg,frame_018756.jpg,2,frame_018756.jpg,unknown
今後請多關照,782250,783100,frame_018756.jpg,frame_018768.jpg,2,frame_018768.jpg,unknown
今天謝謝妳~候補成員也OK的，能一起組樂隊我很開心！,782290,783100,frame_018768.jpg,frame_018768.jpg,2,frame_018768.jpg,unknown
太好了 說不定能有樂隊了,784550,788090,frame_018816.jpg,frame_018888.jpg,2,frame_018864.jpg,unknown
這樣就能從頭來過嗎,790330,792760,frame_018960.jpg,frame_018996.jpg,2,frame_018984.jpg,anon
她們是怎麼成為朋友的呢,800070,803710,frame_019188.jpg,frame_019260.jpg,2,frame_019236.jpg,anon
但是 對不起,805710,808000,frame_019320.jpg,frame_019368.jpg,2,frame_019356.jpg,tomori
敏感啊,809320,811030,frame_019416.jpg,frame_019440.jpg,2,frame_019428.jpg,anon
可能是我追得太緊了,812640,815680,frame_019488.jpg,frame_019548.jpg,2,frame_019524.jpg,unknown
通知中心,820790,826210,frame_019680.jpg,frame_019800.jpg,2,frame_019752.jpg,unknown
今天謝謝妳~候補成員也OK的，能一起組樂隊我很開心！,820790,826210,frame_019680.jpg,frame_019800.jpg,2,frame_019752.jpg,unknown
今後請多關照,820790,826210,frame_019680.jpg,frame_019800.jpg,2,frame_019752.jpg,unknown
明天的初次Live，大家一起加油！,831470,835100,frame_019944.jpg,frame_020016.jpg,2,frame_019980.jpg,unknown
小燈,852800,853690,frame_020448.jpg,frame_020460.jpg,2,frame_020460.jpg,nyamuchi
上次不好意思 我不該硬拉妳組樂隊,857460,860940,frame_020568.jpg,frame_020640.jpg,2,frame_020604.jpg,tomori
我不會再邀請妳了 放心吧,861940,864170,frame_020676.jpg,frame_020712.jpg,2,frame_020700.jpg,nyamuchi
結他,867050,867920,frame_020796.jpg,frame_020808.jpg,2,frame_020808.jpg,tomori
昨天怎麼樣,867920,869100,frame_020820.jpg,frame_020832.jpg,2,frame_020832.jpg,anon
聽我說聽我說 我找到人了,869100,871850,frame_020844.jpg,frame_020892.jpg,2,frame_020880.jpg,other
好棒,871850,873030,frame_020904.jpg,frame_020928.jpg,2,frame_020928.jpg,tomori
雖然只有一個貝斯手,873030,874740,frame_020940.jpg,frame_020964.jpg,2,frame_020952.jpg,tomori
但她居然是月之森的,874740,877030,frame_020976.jpg,frame_021024.jpg,2,frame_021000.jpg,tomori
好厲害,877500,878780,frame_021048.jpg,frame_021060.jpg,2,frame_021060.jpg,tomori
然後她人特別好,878780,880590,frame_021072.jpg,frame_021108.jpg,2,frame_021096.jpg,tomori
我橫下心去拜託她 她立馬就答應了,880590,883990,frame_021120.jpg,frame_021192.jpg,2,frame_021156.jpg,tomori
不愧是愛音,884970,886340,frame_021228.jpg,frame_021240.jpg,2,frame_021240.jpg,unknown
多虧了妳們 謝謝,886340,888890,frame_021252.jpg,frame_021312.jpg,2,frame_021288.jpg,unknown
她穿著月之森的校服吧,901890,904330,frame_021624.jpg,frame_021672.jpg,2,frame_021660.jpg,unknown
像洋娃娃一樣 超可愛的,904330,907380,frame_021684.jpg,frame_021744.jpg,2,frame_021720.jpg,saki
那不是搞笑藝人若葉家的女兒嗎,907380,909980,frame_021756.jpg,frame_021816.jpg,2,frame_021792.jpg,saki
真的嗎 不會吧,909980,911500,frame_021828.jpg,frame_021852.jpg,2,frame_021840.jpg,unknown
我在電視上見過,911500,913140,frame_021864.jpg,frame_021888.jpg,2,frame_021876.jpg,unknown
妳看 肯定沒錯,913330,915060,frame_021900.jpg,frame_021936.jpg,2,frame_021924.jpg,other
還得是月之森啊,915060,917260,frame_021948.jpg,frame_021984.jpg,2,frame_021972.jpg,other
她媽媽是知名女星,917260,918800,frame_021996.jpg,frame_022020.jpg,2,frame_022020.jpg,muzimi
這種超級大小姐 那是自然,918800,921250,frame_022032.jpg,frame_022080.jpg,2,frame_022068.jpg,muzimi
歡迎光臨,930870,931980,frame_022320.jpg,frame_022344.jpg,2,frame_022332.jpg,unknown
妳為什麼不打招呼就跑來,935400,937040,frame_022428.jpg,frame_022464.jpg,2,frame_022452.jpg,saki
因為妳不回信,937680,939280,frame_022488.jpg,frame_022512.jpg,2,frame_022512.jpg,muzimi
我跟妳說過 不要跟別人提到我的事吧,939280,942770,frame_022524.jpg,frame_022596.jpg,2,frame_022572.jpg,saki
我沒跟任何人說過,944670,945920,frame_022656.jpg,frame_022668.jpg,2,frame_022668.jpg,muzimi
妳弄得那麼顯眼 已經等於告訴別人了,947170,950420,frame_022716.jpg,frame_022776.jpg,2,frame_022752.jpg,saki
全都白費了,950420,951540,frame_022788.jpg,frame_022812.jpg,2,frame_022812.jpg,saki
好喝,956460,957460,frame_022944.jpg,frame_022956.jpg,2,frame_022956.jpg,saki
爽世很擔心妳,958400,960100,frame_022980.jpg,frame_023016.jpg,2,frame_023004.jpg,saki
說想去妳家,961180,962940,frame_023052.jpg,frame_023076.jpg,2,frame_023076.jpg,muzimi
那就幫忙說我搬家了吧,963180,965410,frame_023100.jpg,frame_023136.jpg,2,frame_023124.jpg,saki
妳確實不是說謊的人,972800,975500,frame_023328.jpg,frame_023388.jpg,2,frame_023364.jpg,saki
妳可不能變成傳話筒,981170,983420,frame_023532.jpg,frame_023568.jpg,2,frame_023556.jpg,saki
告辭了,983830,984730,frame_023592.jpg,frame_023604.jpg,2,frame_023604.jpg,saki
爽世同學,1004430,1004780,frame_024084.jpg,frame_024084.jpg,2,frame_024096.jpg,unknown
那就16點在RiNG的咖啡廳見。我班上有點事，可能會晚到，到時再聯繫,1004430,1004470,frame_024084.jpg,frame_024072.jpg,2,frame_024084.jpg,unknown
知道了！,1004430,1004780,frame_024084.jpg,frame_024084.jpg,2,frame_024096.jpg,unknown
應該會遲到5分鐘左右,1004430,1004780,frame_024084.jpg,frame_024084.jpg,2,frame_024096.jpg,unknown
那就16點在RiNG的咖啡廳見。我班上有點事，可能會晚到，到時再聯繫,1004470,1004780,frame_024084.jpg,frame_024084.jpg,2,frame_024096.jpg,unknown
爽世同學,1004780,1004820,frame_024096.jpg,frame_024084.jpg,2,frame_024096.jpg,unknown
那就16點在RiNG的咖啡廳見。我班上有點事，可能會晚到，到時再聯繫,1004780,1004820,frame_024096.jpg,frame_024084.jpg,2,frame_024096.jpg,unknown
知道了！,1004780,1004820,frame_024096.jpg,frame_024084.jpg,2,frame_024096.jpg,unknown
應該會遲到5分鐘左右,1004780,1004820,frame_024096.jpg,frame_024084.jpg,2,frame_024096.jpg,unknown
完全沒事的,1004780,1004820,frame_024096.jpg,frame_024084.jpg,2,frame_024096.jpg,unknown
爽世同學,1004820,1004850,frame_024096.jpg,frame_024084.jpg,2,frame_024096.jpg,unknown
那就16點在RiNG的咖啡廳見。我班上有點事，可能會晚到，到時再聯繫,1004820,1004850,frame_024096.jpg,frame_024084.jpg,2,frame_024096.jpg,unknown
知道了！,1004820,1004850,frame_024096.jpg,frame_024084.jpg,2,frame_024096.jpg,unknown
爽世同學,1004850,1004890,frame_024096.jpg,frame_024084.jpg,2,frame_024096.jpg,unknown
那就16點在RiNG的咖啡廳見。我班上有點事，可能會晚到，到時再聯繫,1004850,1004890,frame_024096.jpg,frame_024084.jpg,2,frame_024096.jpg,unknown
知道了！,1004850,1004890,frame_024096.jpg,frame_024084.jpg,2,frame_024096.jpg,unknown
爽世同學,1004890,1004930,frame_024096.jpg,frame_024084.jpg,2,frame_024096.jpg,unknown
那就16點在RiNG的咖啡廳見。我班上有點事，可能會晚到，到時再聯繫,1004890,1004930,frame_024096.jpg,frame_024084.jpg,2,frame_024096.jpg,unknown
知道了！,1004890,1004930,frame_024096.jpg,frame_024084.jpg,2,frame_024096.jpg,unknown
應該會遲到5分鐘左右,1004890,1004930,frame_024096.jpg,frame_024084.jpg,2,frame_024096.jpg,unknown
完全沒事的,1004890,1004930,frame_024096.jpg,frame_024084.jpg,2,frame_024096.jpg,unknown
爽世同學,1004930,1004970,frame_024096.jpg,frame_024084.jpg,2,frame_024096.jpg,unknown
那就16點在RiNG的咖啡廳見。我班上有點事，可能會晚到，到時再聯繫,1004930,1004970,frame_024096.jpg,frame_024084.jpg,2,frame_024096.jpg,unknown
知道了！,1004930,1004970,frame_024096.jpg,frame_024084.jpg,2,frame_024096.jpg,unknown
應該會遲到5分鐘左右,1004930,1004970,frame_024096.jpg,frame_024084.jpg,2,frame_024096.jpg,unknown
爽世同學,1004970,1005030,frame_024096.jpg,frame_024096.jpg,2,frame_024096.jpg,unknown
那就16點在RiNG的咖啡廳見。我班上有點事，可能會晚到，到時再聯繫,1004970,1005030,frame_024096.jpg,frame_024096.jpg,2,frame_024096.jpg,unknown
知道了！,1004970,1005030,frame_024096.jpg,frame_024096.jpg,2,frame_024096.jpg,unknown
應該會遲到5分鐘左右,1004970,1005030,frame_024096.jpg,frame_024096.jpg,2,frame_024096.jpg,unknown
爽世同學,1005030,1005070,frame_024108.jpg,frame_024096.jpg,2,frame_024108.jpg,unknown
那就16點在RiNG的咖啡廳見。我班上有點事，可能會晚到，到時再聯繫,1005030,1005070,frame_024108.jpg,frame_024096.jpg,2,frame_024108.jpg,unknown
知道了！,1005030,1005070,frame_024108.jpg,frame_024096.jpg,2,frame_024108.jpg,unknown
應該會遲到5分鐘左右,1005030,1005070,frame_024108.jpg,frame_024096.jpg,2,frame_024108.jpg,unknown
爽世同學,1005070,1005100,frame_024108.jpg,frame_024096.jpg,2,frame_024108.jpg,unknown
那就16點在RiNG的咖啡廳見。我班上有點事，可能會晚到，到時再聯繫,1005070,1005100,frame_024108.jpg,frame_024096.jpg,2,frame_024108.jpg,unknown
知道了！,1005070,1005100,frame_024108.jpg,frame_024096.jpg,2,frame_024108.jpg,unknown
應該會遲到5分鐘左右,1005070,1005100,frame_024108.jpg,frame_024096.jpg,2,frame_024108.jpg,unknown
爽世同學,1005100,1005140,frame_024108.jpg,frame_024096.jpg,2,frame_024108.jpg,unknown
那就16點在RiNG的咖啡廳見。我班上有點事，可能會晚到，到時再聯繫,1005100,1005140,frame_024108.jpg,frame_024096.jpg,2,frame_024108.jpg,unknown
知道了！,1005100,1005140,frame_024108.jpg,frame_024096.jpg,2,frame_024108.jpg,unknown
爽世同學,1005140,1005180,frame_024108.jpg,frame_024096.jpg,2,frame_024108.jpg,unknown
那就16點在RiNG的咖啡廳見。我班上有點事，可能會晚到，到時再聯繫,1005140,1005180,frame_024108.jpg,frame_024096.jpg,2,frame_024108.jpg,unknown
知道了！,1005140,1005180,frame_024108.jpg,frame_024096.jpg,2,frame_024108.jpg,unknown
爽世同學,1005180,1005220,frame_024108.jpg,frame_024096.jpg,2,frame_024108.jpg,unknown
那就16點在RiNG的咖啡廳見。我班上有點事，可能會晚到，到時再聯繫,1005180,1005220,frame_024108.jpg,frame_024096.jpg,2,frame_024108.jpg,unknown
知道了！,1005180,1005220,frame_024108.jpg,frame_024096.jpg,2,frame_024108.jpg,unknown
妳怎麼在這,1007280,1008570,frame_024156.jpg,frame_024180.jpg,2,frame_024168.jpg,taki
爽世同學叫我來的,1008570,1010680,frame_024192.jpg,frame_024228.jpg,2,frame_024216.jpg,anon
爽世同學,1011250,1012570,frame_024252.jpg,frame_024276.jpg,2,frame_024264.jpg,anon
久等了,1012770,1014200,frame_024288.jpg,frame_024312.jpg,2,frame_024300.jpg,soyo
我也才剛到,1014200,1016040,frame_024324.jpg,frame_024360.jpg,2,frame_024348.jpg,anon
妳又開始說敬語了哦,1016040,1018280,frame_024372.jpg,frame_024408.jpg,2,frame_024396.jpg,soyo
立希 可以點單嗎,1020130,1021950,frame_024468.jpg,frame_024492.jpg,2,frame_024492.jpg,soyo
愛音要點什麼,1021950,1023120,frame_024504.jpg,frame_024528.jpg,2,frame_024528.jpg,soyo
請妳推薦,1023120,1024410,frame_024540.jpg,frame_024552.jpg,2,frame_024552.jpg,soyo
昨天喝過格雷伯爵了,1024410,1026610,frame_024564.jpg,frame_024612.jpg,2,frame_024588.jpg,soyo
今天就選大吉嶺吧,1026610,1028160,frame_024624.jpg,frame_024648.jpg,2,frame_024636.jpg,soyo
熱大吉嶺 兩杯,1030000,1031690,frame_024696.jpg,frame_024732.jpg,2,frame_024720.jpg,anon
大吉嶺 兩杯熱的,1031690,1033130,frame_024744.jpg,frame_024768.jpg,2,frame_024756.jpg,soyo
妳今天是要聊樂隊的事吧,1035000,1037510,frame_024816.jpg,frame_024864.jpg,2,frame_024852.jpg,soyo
嗯 要考慮樂器構成之類的,1037510,1040070,frame_024876.jpg,frame_024936.jpg,2,frame_024912.jpg,soyo
必須得先決定好成員人選,1040070,1042390,frame_024948.jpg,frame_024984.jpg,2,frame_024972.jpg,soyo
貝斯我來,1042390,1044120,frame_024996.jpg,frame_025032.jpg,2,frame_025020.jpg,soyo
妳彈結他,1044120,1045940,frame_025044.jpg,frame_025068.jpg,2,frame_025056.jpg,soyo
我來結他主唱,1045940,1047730,frame_025080.jpg,frame_025116.jpg,2,frame_025104.jpg,anon
還需要鍵盤手,1048730,1051050,frame_025152.jpg,frame_025200.jpg,2,frame_025176.jpg,soyo
對哦,1051050,1051980,frame_025212.jpg,frame_025212.jpg,2,frame_025212.jpg,soyo
鼓手我倒是有人選了,1051980,1055240,frame_025224.jpg,frame_025296.jpg,2,frame_025272.jpg,soyo
幹嘛,1056000,1056640,frame_025320.jpg,frame_025332.jpg,2,frame_025332.jpg,taki
我要和愛音組樂隊,1057290,1059320,frame_025356.jpg,frame_025392.jpg,2,frame_025380.jpg,soyo
妳也一起來吧,1059320,1060790,frame_025404.jpg,frame_025428.jpg,2,frame_025416.jpg,soyo
我不,1061380,1062090,frame_025452.jpg,frame_025464.jpg,2,frame_025464.jpg,soyo
為什麼,1062090,1063030,frame_025476.jpg,frame_025476.jpg,2,frame_025476.jpg,soyo
爽世同學 我不要這個人,1063530,1065920,frame_025500.jpg,frame_025548.jpg,2,frame_025536.jpg,taki
如果小燈也說要一起 妳怎麼辦,1066100,1069140,frame_025572.jpg,frame_025632.jpg,2,frame_025608.jpg,soyo
燈才不會加入,1070770,1072250,frame_025680.jpg,frame_025704.jpg,2,frame_025692.jpg,taki
為什麼,1072250,1073250,frame_025716.jpg,frame_025728.jpg,2,frame_025728.jpg,soyo
她傷到了,1073250,1074820,frame_025740.jpg,frame_025764.jpg,2,frame_025752.jpg,taki
大家都傷到了,1078000,1080140,frame_025848.jpg,frame_025896.jpg,2,frame_025872.jpg,unknown
怎麼回事,1083790,1085190,frame_025992.jpg,frame_026016.jpg,2,frame_026004.jpg,anon
爽世同學,1092890,1094000,frame_026208.jpg,frame_026220.jpg,2,frame_026220.jpg,anon
我們以前在同一個樂隊,1099460,1102230,frame_026364.jpg,frame_026424.jpg,2,frame_026400.jpg,unknown
樂隊名叫CRYCHIC,1103210,1105190,frame_026460.jpg,frame_026496.jpg,2,frame_026484.jpg,soyo
小燈沒跟妳說吧,1105850,1108030,frame_026520.jpg,frame_026556.jpg,2,frame_026544.jpg,soyo
稍微有點糊,1111510,1113040,frame_026652.jpg,frame_026676.jpg,2,frame_026676.jpg,unknown
各位 準備好了嗎,1114500,1116710,frame_026724.jpg,frame_026772.jpg,2,frame_026748.jpg,unknown
小睦 拍不到妳了,1118250,1120540,frame_026820.jpg,frame_026856.jpg,2,frame_026844.jpg,taki
再往左邊站一點,1120540,1122320,frame_026868.jpg,frame_026904.jpg,2,frame_026892.jpg,taki
要覺得自己就站在舞臺的中心,1122320,1124630,frame_026916.jpg,frame_026964.jpg,2,frame_026940.jpg,tomori
好 可以開始了,1125140,1127030,frame_026988.jpg,frame_027012.jpg,2,frame_027000.jpg,soyo
立希好了嗎,1127030,1128390,frame_027024.jpg,frame_027048.jpg,2,frame_027048.jpg,unknown
OK,1129700,1130500,frame_027096.jpg,frame_027096.jpg,2,frame_027096.jpg,taki
小燈呢,1130710,1131680,frame_027120.jpg,frame_027132.jpg,2,frame_027132.jpg,taki
妳沒問題嗎,1133570,1134990,frame_027180.jpg,frame_027204.jpg,2,frame_027204.jpg,taki
燈 喝口水吧,1135350,1137820,frame_027228.jpg,frame_027276.jpg,2,frame_027252.jpg,taki
不用想著自己要唱多好,1140080,1142480,frame_027336.jpg,frame_027384.jpg,2,frame_027372.jpg,soyo
表達出感情就好,1142730,1144050,frame_027408.jpg,frame_027420.jpg,2,frame_027420.jpg,soyo
表達…,1144250,1145490,frame_027444.jpg,frame_027456.jpg,2,frame_027456.jpg,soyo
沒問題的,1145790,1146950,frame_027480.jpg,frame_027492.jpg,2,frame_027492.jpg,taki
要是唱錯 重拍就好了,1146950,1148860,frame_027504.jpg,frame_027540.jpg,2,frame_027528.jpg,taki
我只能認真一次,1148860,1150730,frame_027552.jpg,frame_027588.jpg,2,frame_027576.jpg,taki
真是的 立希,1150730,1152400,frame_027600.jpg,frame_027624.jpg,2,frame_027612.jpg,muzimi
小燈 加油,1154130,1155780,frame_027672.jpg,frame_027708.jpg,2,frame_027696.jpg,muzimi
我們是CRYCHIC,1161670,1163140,frame_027864.jpg,frame_027876.jpg,2,frame_027876.jpg,soyo
《春日影》,1164320,1166850,frame_027924.jpg,frame_027972.jpg,2,frame_027948.jpg,tomori
這三顆星連線組成的大三角形,1194820,1199930,frame_028656.jpg,frame_028764.jpg,2,frame_028716.jpg,unknown
被稱為夏季大三角,1199930,1202890,frame_028776.jpg,frame_028836.jpg,2,frame_028812.jpg,unknown
其實就包括大家熟知的七夕傳說中的,1204050,1208970,frame_028872.jpg,frame_028980.jpg,2,frame_028932.jpg,unknown
牛郎星和織女星,1208970,1211280,frame_028992.jpg,frame_029040.jpg,2,frame_029016.jpg,unknown
在日本 從春季到秋季都能看到,1212560,1216070,frame_029076.jpg,frame_029148.jpg,2,frame_029124.jpg,unknown
但農曆七夕 即八月上旬是最佳觀測時機,1216070,1219760,frame_029160.jpg,frame_029244.jpg,2,frame_029208.jpg,unknown
今天的節目到此結束,1232060,1235340,frame_029544.jpg,frame_029616.jpg,2,frame_029580.jpg,other
您享受到其中的樂趣了嗎,1235570,1237820,frame_029628.jpg,frame_029676.jpg,2,frame_029652.jpg,tomori
場內有台階 請注意…,1238280,1240960,frame_029700.jpg,frame_029748.jpg,2,frame_029724.jpg,tomori
爽世：現在能見面嗎？,1248520,1258740,frame_029940.jpg,frame_030168.jpg,2,frame_030060.jpg,unknown
愛音說想和妳見面,1256430,1258740,frame_030132.jpg,frame_030168.jpg,2,frame_030156.jpg,unknown
不好意思 突然叫妳來,1279670,1281250,frame_030684.jpg,frame_030708.jpg,2,frame_030708.jpg,anon
坐吧坐吧,1282210,1283620,frame_030744.jpg,frame_030768.jpg,2,frame_030768.jpg,taki
爽世同學跟我說了 CRYCHIC的故事,1288070,1291370,frame_030888.jpg,frame_030960.jpg,2,frame_030924.jpg,anon
小燈 妳以前是主唱啊,1292070,1294610,frame_030984.jpg,frame_031032.jpg,2,frame_031020.jpg,anon
妳的歌太棒了,1296680,1299310,frame_031092.jpg,frame_031152.jpg,2,frame_031128.jpg,anon
妳其實很想組樂隊吧,1305430,1308500,frame_031308.jpg,frame_031368.jpg,2,frame_031344.jpg,anon
